day_index,date_iso,day_type,step,P_load_kW,P_pv_kW
1,2025-09-06,weekend,0,18.498875,0.0
1,2025-09-06,weekend,1,18.82633333333333,0.0
1,2025-09-06,weekend,2,19.399555555555555,0.0
1,2025-09-06,weekend,3,18.72811111111111,0.0
1,2025-09-06,weekend,4,19.947555555555557,0.0
1,2025-09-06,weekend,5,19.74822222222222,0.0
1,2025-09-06,weekend,6,21.572333333333333,0.0
1,2025-09-06,weekend,7,22.022111111111112,0.0
1,2025-09-06,weekend,8,19.796,0.0
1,2025-09-06,weekend,9,19.770444444444443,0.0
1,2025-09-06,weekend,10,19.730999999999998,0.0
1,2025-09-06,weekend,11,19.554444444444446,0.0
1,2025-09-06,weekend,12,18.36411111111111,0.0
1,2025-09-06,weekend,13,19.270666666666667,0.0
1,2025-09-06,weekend,14,19.246333333333332,0.0
1,2025-09-06,weekend,15,18.03311111111111,0.0
1,2025-09-06,weekend,16,18.918111111111113,0.0
1,2025-09-06,weekend,17,18.810111111111112,0.0
1,2025-09-06,weekend,18,19.068222222222225,0.0
1,2025-09-06,weekend,19,19.176333333333332,0.0
1,2025-09-06,weekend,20,17.569666666666667,0.0
1,2025-09-06,weekend,21,14.832666666666666,0.21857142857142858
1,2025-09-06,weekend,22,14.093444444444446,5.038
1,2025-09-06,weekend,23,14.424777777777779,12.418035714285713
1,2025-09-06,weekend,24,16.163666666666668,14.206808510638298
1,2025-09-06,weekend,25,18.299111111111113,16.94510638297872
1,2025-09-06,weekend,26,17.743333333333336,15.851463414634146
1,2025-09-06,weekend,27,20.844666666666665,18.10188679245283
1,2025-09-06,weekend,28,49.76922222222222,46.19129032258065
1,2025-09-06,weekend,29,293.4497777777778,228.44042857142858
1,2025-09-06,weekend,30,770.7894444444445,533.022602739726
1,2025-09-06,weekend,31,766.4576666666667,652.6570909090909
1,2025-09-06,weekend,32,768.5975555555556,524.9696666666666
1,2025-09-06,weekend,33,789.3754444444444,617.5595555555556
1,2025-09-06,weekend,34,821.8695555555555,770.5064772727274
1,2025-09-06,weekend,35,819.3184444444445,770.895
1,2025-09-06,weekend,36,850.0287777777777,764.9859550561798
1,2025-09-06,weekend,37,856.6424444444445,695.4344943820224
1,2025-09-06,weekend,38,876.7815555555555,749.3417045454545
1,2025-09-06,weekend,39,907.0678888888889,747.6745555555556
1,2025-09-06,weekend,40,858.8977777777778,817.862159090909
1,2025-09-06,weekend,41,893.8052222222223,761.5382954545454
1,2025-09-06,weekend,42,941.2365555555555,670.1648863636364
1,2025-09-06,weekend,43,927.2093333333333,619.6571910112359
1,2025-09-06,weekend,44,942.2411111111111,848.1716853932584
1,2025-09-06,weekend,45,1003.2987777777778,952.0148888888889
1,2025-09-06,weekend,46,979.3462222222223,828.6332954545454
1,2025-09-06,weekend,47,802.782625,630.5418
1,2025-09-06,weekend,48,820.1448888888888,778.3373863636364
1,2025-09-06,weekend,49,767.4805555555556,682.2622222222222
1,2025-09-06,weekend,50,801.135,736.1979999999999
1,2025-09-06,weekend,51,817.8589999999999,564.1952222222222
1,2025-09-06,weekend,52,835.9326666666667,755.7337777777777
1,2025-09-06,weekend,53,842.9431111111112,701.6385555555555
1,2025-09-06,weekend,54,909.1562222222221,845.6357303370787
1,2025-09-06,weekend,55,953.5368888888889,899.7276404494381
1,2025-09-06,weekend,56,970.2332222222223,900.9719298245615
1,2025-09-06,weekend,57,945.163448275862,876.4392857142857
1,2025-09-06,weekend,58,883.3837777777777,836.1813636363637
1,2025-09-06,weekend,59,843.7545555555556,804.2502247191012
1,2025-09-06,weekend,60,796.7696511627908,753.7906024096386
1,2025-09-06,weekend,61,772.16125,721.7962352941177
1,2025-09-06,weekend,62,662.2836666666667,616.9371111111111
1,2025-09-06,weekend,63,345.9584444444444,299.2512222222222
1,2025-09-06,weekend,64,23.534,20.600212765957448
1,2025-09-06,weekend,65,20.831777777777777,19.054166666666667
1,2025-09-06,weekend,66,19.732111111111113,18.009714285714285
1,2025-09-06,weekend,67,21.923932584269664,19.837333333333333
1,2025-09-06,weekend,68,21.511609195402297,20.024509803921568
1,2025-09-06,weekend,69,19.808470588235295,18.544626865671642
1,2025-09-06,weekend,70,17.62939024390244,15.555675675675674
1,2025-09-06,weekend,71,18.22782051282051,15.767916666666666
1,2025-09-06,weekend,72,18.302375,4.201954022988506
1,2025-09-06,weekend,73,22.11144578313253,0.08928571428571429
1,2025-09-06,weekend,74,21.271851851851853,0.0
1,2025-09-06,weekend,75,20.762727272727272,0.0
1,2025-09-06,weekend,76,21.256999999999998,0.0
1,2025-09-06,weekend,77,20.31448717948718,0.0
1,2025-09-06,weekend,78,20.97135802469136,0.0
1,2025-09-06,weekend,79,21.12325,0.0
1,2025-09-06,weekend,80,21.92607594936709,0.0
1,2025-09-06,weekend,81,21.874166666666667,0.0
1,2025-09-06,weekend,82,22.684615384615388,0.0
1,2025-09-06,weekend,83,21.852439024390247,0.0
1,2025-09-06,weekend,84,19.761410256410258,0.0
1,2025-09-06,weekend,85,20.534868421052632,0.0
1,2025-09-06,weekend,86,19.88602409638554,0.0
1,2025-09-06,weekend,87,20.996875,0.0
1,2025-09-06,weekend,88,22.63632911392405,0.0
1,2025-09-06,weekend,89,21.471351351351352,0.0
1,2025-09-06,weekend,90,21.46126582278481,0.0
1,2025-09-06,weekend,91,21.63779069767442,0.0
1,2025-09-06,weekend,92,19.906666666666666,0.0
1,2025-09-06,weekend,93,18.94827160493827,0.0
1,2025-09-06,weekend,94,18.493037974683546,0.0
1,2025-09-06,weekend,95,16.61411111111111,0.0
2,2025-09-07,weekend,0,17.280246913580246,0.0
2,2025-09-07,weekend,1,20.11477777777778,0.0
2,2025-09-07,weekend,2,19.20133333333333,0.0
2,2025-09-07,weekend,3,19.393444444444444,0.0
2,2025-09-07,weekend,4,20.372777777777777,0.0
2,2025-09-07,weekend,5,17.306555555555555,0.0
2,2025-09-07,weekend,6,17.453,0.0
2,2025-09-07,weekend,7,18.372777777777777,0.0
2,2025-09-07,weekend,8,17.947777777777777,0.0
2,2025-09-07,weekend,9,18.263,0.0
2,2025-09-07,weekend,10,19.351222222222223,0.0
2,2025-09-07,weekend,11,20.081444444444443,0.0
2,2025-09-07,weekend,12,19.535555555555558,0.0
2,2025-09-07,weekend,13,17.456222222222223,0.0
2,2025-09-07,weekend,14,17.740666666666666,0.0
2,2025-09-07,weekend,15,16.284,0.0
2,2025-09-07,weekend,16,17.19388888888889,0.0
2,2025-09-07,weekend,17,20.192333333333334,0.0
2,2025-09-07,weekend,18,20.315555555555555,0.0
2,2025-09-07,weekend,19,18.135168539325843,0.0
2,2025-09-07,weekend,20,14.110333333333333,0.0
2,2025-09-07,weekend,21,13.931460674157304,1.2371052631578947
2,2025-09-07,weekend,22,13.641444444444444,2.4742105263157894
2,2025-09-07,weekend,23,13.114777777777777,9.854255319148935
2,2025-09-07,weekend,24,12.01222222222222,10.854
2,2025-09-07,weekend,25,14.938333333333334,12.951714285714285
2,2025-09-07,weekend,26,15.246777777777778,14.098863636363637
2,2025-09-07,weekend,27,12.586444444444444,11.05359375
2,2025-09-07,weekend,28,19.305444444444444,16.83109375
2,2025-09-07,weekend,29,21.20943181818182,18.478775510204084
2,2025-09-07,weekend,30,19.124000000000002,17.229607843137256
2,2025-09-07,weekend,31,19.910888888888888,17.84392857142857
2,2025-09-07,weekend,32,19.91904761904762,18.473846153846154
2,2025-09-07,weekend,33,19.46588888888889,17.414925373134327
2,2025-09-07,weekend,34,20.81877777777778,18.602045454545454
2,2025-09-07,weekend,35,20.428809523809523,18.476326530612244
2,2025-09-07,weekend,36,18.707666666666668,16.719310344827587
2,2025-09-07,weekend,37,17.220777777777776,15.1284
2,2025-09-07,weekend,38,16.42011235955056,14.477076923076924
2,2025-09-07,weekend,39,15.806707317073172,13.532105263157895
2,2025-09-07,weekend,40,16.033595505617978,14.072037037037036
2,2025-09-07,weekend,41,17.34722222222222,15.250333333333334
2,2025-09-07,weekend,42,19.358,17.57469696969697
2,2025-09-07,weekend,43,20.713444444444445,18.590799999999998
2,2025-09-07,weekend,44,20.13733333333333,18.3209375
2,2025-09-07,weekend,45,21.06411111111111,18.691200000000002
2,2025-09-07,weekend,46,17.480731707317073,15.197321428571428
2,2025-09-07,weekend,47,20.745777777777775,18.1659375
2,2025-09-07,weekend,48,16.446444444444445,14.8109375
2,2025-09-07,weekend,49,17.082289156626505,15.451538461538462
2,2025-09-07,weekend,50,17.583777777777776,16.065967741935484
2,2025-09-07,weekend,51,18.337666666666667,58.19469696969697
2,2025-09-07,weekend,52,17.84191011235955,173.7305194805195
2,2025-09-07,weekend,53,19.096385542168676,162.91985294117646
2,2025-09-07,weekend,54,20.577222222222222,89.43328571428572
2,2025-09-07,weekend,55,21.66,138.1789156626506
2,2025-09-07,weekend,56,22.331046511627907,30.865416666666665
2,2025-09-07,weekend,57,21.50505617977528,20.13897435897436
2,2025-09-07,weekend,58,21.254444444444445,19.67241379310345
2,2025-09-07,weekend,59,18.139444444444443,16.571470588235293
2,2025-09-07,weekend,60,16.593255813953487,14.868028169014085
2,2025-09-07,weekend,61,17.181777777777775,15.463750000000001
2,2025-09-07,weekend,62,17.829666666666668,16.47150684931507
2,2025-09-07,weekend,63,17.928823529411765,16.171194029850746
2,2025-09-07,weekend,64,19.1275,17.69333333333333
2,2025-09-07,weekend,65,22.070777777777778,20.086181818181817
2,2025-09-07,weekend,66,19.01137931034483,16.43
2,2025-09-07,weekend,67,18.954597701149424,17.066111111111113
2,2025-09-07,weekend,68,17.477333333333334,16.161944444444444
2,2025-09-07,weekend,69,16.88266666666667,15.240886075949367
2,2025-09-07,weekend,70,15.883209876543209,13.9225
2,2025-09-07,weekend,71,15.351666666666668,13.629154929577464
2,2025-09-07,weekend,72,16.594,5.493222222222222
2,2025-09-07,weekend,73,21.706506024096388,0.14285714285714285
2,2025-09-07,weekend,74,19.799222222222223,0.0
2,2025-09-07,weekend,75,18.080111111111112,0.0
2,2025-09-07,weekend,76,18.40111111111111,0.0
2,2025-09-07,weekend,77,18.19404761904762,0.0
2,2025-09-07,weekend,78,18.636888888888887,0.0
2,2025-09-07,weekend,79,18.770777777777777,0.0
2,2025-09-07,weekend,80,18.968023255813954,0.0
2,2025-09-07,weekend,81,21.929,0.0
2,2025-09-07,weekend,82,20.69011111111111,0.0
2,2025-09-07,weekend,83,19.925301204819277,0.0
2,2025-09-07,weekend,84,17.558426966292135,0.0
2,2025-09-07,weekend,85,17.508444444444443,0.0
2,2025-09-07,weekend,86,17.637444444444444,0.0
2,2025-09-07,weekend,87,18.998214285714283,0.0
2,2025-09-07,weekend,88,18.90522222222222,0.0
2,2025-09-07,weekend,89,17.91277777777778,0.0
2,2025-09-07,weekend,90,18.688555555555556,0.0
2,2025-09-07,weekend,91,19.153555555555556,0.0
2,2025-09-07,weekend,92,20.673444444444442,0.0
2,2025-09-07,weekend,93,18.21988764044944,0.0
2,2025-09-07,weekend,94,17.697111111111113,0.0
2,2025-09-07,weekend,95,19.21066666666667,0.0
3,2025-09-08,working,0,17.395875,0.0
3,2025-09-08,working,1,18.0,0.0
3,2025-09-08,working,2,16.98322222222222,0.0
3,2025-09-08,working,3,17.573,0.0
3,2025-09-08,working,4,18.35033333333333,0.0
3,2025-09-08,working,5,18.993444444444446,0.0
3,2025-09-08,working,6,20.508444444444443,0.0
3,2025-09-08,working,7,17.726222222222223,0.0
3,2025-09-08,working,8,16.775444444444442,0.0
3,2025-09-08,working,9,18.91,0.0
3,2025-09-08,working,10,18.391222222222222,0.0
3,2025-09-08,working,11,17.738888888888887,0.0
3,2025-09-08,working,12,17.331777777777777,0.0
3,2025-09-08,working,13,17.808777777777777,0.0
3,2025-09-08,working,14,16.212777777777777,0.0
3,2025-09-08,working,15,17.417333333333332,0.0
3,2025-09-08,working,16,17.887,0.0
3,2025-09-08,working,17,17.923555555555556,0.0
3,2025-09-08,working,18,20.19911111111111,0.0
3,2025-09-08,working,19,19.630777777777777,0.0
3,2025-09-08,working,20,17.025333333333332,0.0
3,2025-09-08,working,21,16.08477777777778,0.0
3,2025-09-08,working,22,12.797666666666666,1.3975675675675676
3,2025-09-08,working,23,12.978,8.997882352941177
3,2025-09-08,working,24,12.870333333333333,11.524583333333332
3,2025-09-08,working,25,14.190777777777779,12.627407407407407
3,2025-09-08,working,26,12.846333333333334,11.15625
3,2025-09-08,working,27,14.497191011235955,12.621063829787236
3,2025-09-08,working,28,48.54539325842697,41.585967741935484
3,2025-09-08,working,29,389.1821111111111,304.0663157894737
3,2025-09-08,working,30,707.6047777777778,508.3285714285715
3,2025-09-08,working,31,759.4559999999999,419.018705882353
3,2025-09-08,working,32,799.0205555555556,423.4872151898734
3,2025-09-08,working,33,900.3974444444445,613.2042352941177
3,2025-09-08,working,34,901.8174444444444,502.818375
3,2025-09-08,working,35,887.9116666666667,532.080375
3,2025-09-08,working,36,912.2402222222222,846.5221839080459
3,2025-09-08,working,37,920.0553333333332,862.8603333333334
3,2025-09-08,working,38,920.6633333333333,874.6955681818182
3,2025-09-08,working,39,912.0314606741573,861.2788505747126
3,2025-09-08,working,40,874.5281111111111,810.5164044943821
3,2025-09-08,working,41,917.7075912408759,598.5702439024391
3,2025-09-08,working,42,939.1020114942529,795.6349112426035
3,2025-09-08,working,43,945.8555555555556,746.2893714285714
3,2025-09-08,working,44,1015.6254237288136,797.9124210526315
3,2025-09-08,working,45,1063.026264367816,794.4207975460123
3,2025-09-08,working,46,1107.8510909090908,688.7197619047619
3,2025-09-08,working,47,1075.8670689655173,768.2132335329342
3,2025-09-08,working,48,887.3986781609195,604.1438505747126
3,2025-09-08,working,49,835.3072777777778,528.1437430167598
3,2025-09-08,working,50,868.3240000000001,555.608409090909
3,2025-09-08,working,51,874.7732777777778,497.69147928994084
3,2025-09-08,working,52,875.399388888889,580.1291379310345
3,2025-09-08,working,53,876.5847777777778,601.7221333333334
3,2025-09-08,working,54,951.6900555555555,786.3802272727273
3,2025-09-08,working,55,985.1375438596491,726.9889024390244
3,2025-09-08,working,56,991.494971098266,701.3714117647058
3,2025-09-08,working,57,986.3043023255814,546.1430722891566
3,2025-09-08,working,58,940.2283233532935,631.4494155844156
3,2025-09-08,working,59,929.8814619883042,587.1381764705883
3,2025-09-08,working,60,900.9163218390805,386.70830303030306
3,2025-09-08,working,61,907.7909944751382,245.92327272727275
3,2025-09-08,working,62,879.56,274.25810650887576
3,2025-09-08,working,63,875.920888888889,443.59468253968254
3,2025-09-08,working,64,856.0716111111112,414.60755555555556
3,2025-09-08,working,65,828.2981666666667,365.41387931034484
3,2025-09-08,working,66,734.5380555555556,295.4175
3,2025-09-08,working,67,511.8606818181818,210.77734104046246
3,2025-09-08,working,68,30.260166666666667,40.7940350877193
3,2025-09-08,working,69,19.480166666666666,18.28183908045977
3,2025-09-08,working,70,17.52375690607735,16.84166666666667
3,2025-09-08,working,71,18.082277777777776,13.32170731707317
3,2025-09-08,working,72,18.202388888888887,5.500494505494506
3,2025-09-08,working,73,22.03322222222222,0.522
3,2025-09-08,working,74,19.787444444444446,0.0
3,2025-09-08,working,75,15.881833333333333,0.0
3,2025-09-08,working,76,16.78088888888889,0.0
3,2025-09-08,working,77,17.007555555555555,0.0
3,2025-09-08,working,78,16.776,0.0
3,2025-09-08,working,79,17.035307262569834,0.0
3,2025-09-08,working,80,17.47011049723757,0.0
3,2025-09-08,working,81,20.32338888888889,0.0
3,2025-09-08,working,82,19.246444444444446,0.0
3,2025-09-08,working,83,19.648333333333333,0.0
3,2025-09-08,working,84,18.820055555555555,0.0
3,2025-09-08,working,85,17.639888888888887,0.0
3,2025-09-08,working,86,19.159666666666666,0.0
3,2025-09-08,working,87,17.556,0.0
3,2025-09-08,working,88,17.53772222222222,0.0
3,2025-09-08,working,89,16.816499999999998,0.0
3,2025-09-08,working,90,16.511899441340784,0.0
3,2025-09-08,working,91,16.16563535911602,0.0
3,2025-09-08,working,92,15.22761111111111,0.0
3,2025-09-08,working,93,16.950944444444445,0.0
3,2025-09-08,working,94,18.208833333333335,0.0
3,2025-09-08,working,95,17.977166666666665,0.0
4,2025-09-09,working,0,16.61277777777778,0.0
4,2025-09-09,working,1,14.866555555555555,0.0
4,2025-09-09,working,2,14.957333333333334,0.0
4,2025-09-09,working,3,15.65011111111111,0.0
4,2025-09-09,working,4,16.16177777777778,0.0
4,2025-09-09,working,5,16.064833333333333,0.0
4,2025-09-09,working,6,17.5915,0.0
4,2025-09-09,working,7,17.764666666666667,0.0
4,2025-09-09,working,8,17.6135,0.0
4,2025-09-09,working,9,16.252055555555554,0.0
4,2025-09-09,working,10,16.04722222222222,0.0
4,2025-09-09,working,11,16.206666666666667,0.0
4,2025-09-09,working,12,16.038722222222223,0.0
4,2025-09-09,working,13,17.577555555555556,0.0
4,2025-09-09,working,14,14.97161111111111,0.0
4,2025-09-09,working,15,14.63872222222222,0.0
4,2025-09-09,working,16,15.613888888888889,0.0
4,2025-09-09,working,17,15.488499999999998,0.0
4,2025-09-09,working,18,16.21461111111111,0.0
4,2025-09-09,working,19,17.75738888888889,0.0
4,2025-09-09,working,20,16.272444444444446,0.0
4,2025-09-09,working,21,11.361611111111111,0.0
4,2025-09-09,working,22,11.089333333333332,0.4929545454545455
4,2025-09-09,working,23,11.965833333333332,7.603188405797101
4,2025-09-09,working,24,10.842611111111111,9.45503937007874
4,2025-09-09,working,25,12.620944444444444,10.862328767123289
4,2025-09-09,working,26,12.952166666666667,12.325156250000001
4,2025-09-09,working,27,14.946666666666667,13.672142857142857
4,2025-09-09,working,28,29.14638888888889,32.63837837837838
4,2025-09-09,working,29,516.3161666666667,152.89387387387387
4,2025-09-09,working,30,912.4955,243.2097619047619
4,2025-09-09,working,31,891.5803888888889,299.85274509803924
4,2025-09-09,working,32,856.9106111111112,342.6209677419355
4,2025-09-09,working,33,824.4130555555556,358.6730769230769
4,2025-09-09,working,34,788.7339444444445,382.0376767676768
4,2025-09-09,working,35,757.8687570621469,416.9374193548387
4,2025-09-09,working,36,789.4167222222222,403.29796116504855
4,2025-09-09,working,37,776.412611111111,472.67258741258735
4,2025-09-09,working,38,772.4589444444443,734.9832098765432
4,2025-09-09,working,39,802.0714444444444,788.547696969697
4,2025-09-09,working,40,778.0743333333334,773.2136
4,2025-09-09,working,41,807.2175,801.591111111111
4,2025-09-09,working,42,854.2513333333333,841.0724203821655
4,2025-09-09,working,43,847.2822222222221,833.0625786163523
4,2025-09-09,working,44,936.2018452380953,717.9351968503937
4,2025-09-09,working,45,973.7268421052632,825.3068944099379
4,2025-09-09,working,46,960.8767251461989,702.4997575757576
4,2025-09-09,working,47,923.4901111111111,305.673202247191
4,2025-09-09,working,48,652.6694444444445,162.48664473684212
4,2025-09-09,working,49,640.8571666666667,36.84005524861878
4,2025-09-09,working,50,635.81975,13.263706896551723
4,2025-09-09,working,51,630.7823333333333,37.71734104046243
4,2025-09-09,working,52,592.3632777777777,62.01597315436241
4,2025-09-09,working,53,580.2345,75.04411764705883
4,2025-09-09,working,54,625.5250555555556,82.7326168224299
4,2025-09-09,working,55,631.4431666666667,81.04262135922329
4,2025-09-09,working,56,659.9962359550561,75.9495744680851
4,2025-09-09,working,57,664.3404444444444,68.90824324324325
4,2025-09-09,working,58,648.3588888888889,52.766666666666666
4,2025-09-09,working,59,631.2850555555556,38.632532467532464
4,2025-09-09,working,60,525.6895,27.967423312883433
4,2025-09-09,working,61,499.27483333333333,25.587333333333333
4,2025-09-09,working,62,510.29449999999997,24.44778481012658
4,2025-09-09,working,63,522.8341666666666,26.42342105263158
4,2025-09-09,working,64,502.8415,26.373049645390072
4,2025-09-09,working,65,500.0595,24.767163120567375
4,2025-09-09,working,66,479.41194444444443,23.073376623376625
4,2025-09-09,working,67,312.70644444444446,19.598757763975154
4,2025-09-09,working,68,30.313944444444445,14.317251461988304
4,2025-09-09,working,69,19.87061111111111,9.25090395480226
4,2025-09-09,working,70,16.729833333333332,5.771564245810056
4,2025-09-09,working,71,16.3675,1.5934394904458598
4,2025-09-09,working,72,17.436944444444446,0.032857142857142856
4,2025-09-09,working,73,19.658944444444444,0.0
4,2025-09-09,working,74,18.281055555555557,0.0
4,2025-09-09,working,75,17.7615,0.0
4,2025-09-09,working,76,18.271,0.0
4,2025-09-09,working,77,19.3165,0.0
4,2025-09-09,working,78,20.895555555555553,0.0
4,2025-09-09,working,79,20.646944444444443,0.0
4,2025-09-09,working,80,20.544555555555554,0.0
4,2025-09-09,working,81,22.6785,0.0
4,2025-09-09,working,82,21.640555555555558,0.0
4,2025-09-09,working,83,21.706833333333332,0.0
4,2025-09-09,working,84,19.850777777777775,0.0
4,2025-09-09,working,85,20.608777777777778,0.0
4,2025-09-09,working,86,23.995777777777775,0.0
4,2025-09-09,working,87,18.918444444444447,0.0
4,2025-09-09,working,88,18.47683333333333,0.0
4,2025-09-09,working,89,20.81572222222222,0.0
4,2025-09-09,working,90,20.252222222222223,0.0
4,2025-09-09,working,91,20.559444444444445,0.0
4,2025-09-09,working,92,20.291333333333334,0.0
4,2025-09-09,working,93,18.31127777777778,0.0
4,2025-09-09,working,94,17.961222222222222,0.0
4,2025-09-09,working,95,20.614833333333333,0.0
5,2025-09-10,working,0,20.006913580246913,0.0
5,2025-09-10,working,1,20.4905,0.0
5,2025-09-10,working,2,20.824555555555555,0.0
5,2025-09-10,working,3,20.054,0.0
5,2025-09-10,working,4,21.102222222222224,0.0
5,2025-09-10,working,5,21.89511111111111,0.0
5,2025-09-10,working,6,21.786944444444444,0.0
5,2025-09-10,working,7,18.846833333333333,0.0
5,2025-09-10,working,8,20.243666666666666,0.0
5,2025-09-10,working,9,22.46761111111111,0.0
5,2025-09-10,working,10,20.915055555555554,0.0
5,2025-09-10,working,11,20.828444444444443,0.0
5,2025-09-10,working,12,20.504833333333334,0.0
5,2025-09-10,working,13,17.447016574585636,0.0
5,2025-09-10,working,14,17.349166666666665,0.0
5,2025-09-10,working,15,20.31441340782123,0.0
5,2025-09-10,working,16,19.843480662983424,0.0
5,2025-09-10,working,17,20.084444444444443,0.0
5,2025-09-10,working,18,21.218444444444444,0.0
5,2025-09-10,working,19,20.62961111111111,0.0
5,2025-09-10,working,20,18.918833333333332,0.0
5,2025-09-10,working,21,13.94972222222222,0.0
5,2025-09-10,working,22,13.450555555555555,0.0
5,2025-09-10,working,23,14.4045,1.416171875
5,2025-09-10,working,24,13.301555555555556,5.233646408839779
5,2025-09-10,working,25,14.095083798882682,11.227727272727272
5,2025-09-10,working,26,14.246833333333333,13.289636363636365
5,2025-09-10,working,27,28.071767955801104,26.894745762711864
5,2025-09-10,working,28,48.734111111111105,46.75236363636364
5,2025-09-10,working,29,455.93355555555553,158.29331325301203
5,2025-09-10,working,30,737.4420555555556,278.14360248447207
5,2025-09-10,working,31,671.5990555555555,303.7844303797468
5,2025-09-10,working,32,641.6631666666666,324.29655629139074
5,2025-09-10,working,33,657.8638333333333,506.6791515151515
5,2025-09-10,working,34,688.5313888888888,650.3215204678362
5,2025-09-10,working,35,704.2405,458.96656249999995
5,2025-09-10,working,36,734.6768333333332,478.32874999999996
5,2025-09-10,working,37,732.5251111111111,502.14158940397357
5,2025-09-10,working,38,756.7531666666667,567.9301863354037
5,2025-09-10,working,39,747.1786666666667,653.360625
5,2025-09-10,working,40,708.2818994413408,671.8420118343196
5,2025-09-10,working,41,773.5369613259669,739.9385142857143
5,2025-09-10,working,42,826.5162777777778,758.5295402298851
5,2025-09-10,working,43,820.0906111111111,727.5635064935065
5,2025-09-10,working,44,824.881,750.9356875000001
5,2025-09-10,working,45,879.2011666666666,764.2064161849711
5,2025-09-10,working,46,877.6847777777779,829.8482608695653
5,2025-09-10,working,47,877.3395555555555,849.315
5,2025-09-10,working,48,678.8090555555556,658.6515151515151
5,2025-09-10,working,49,685.7512777777778,655.0387861271677
5,2025-09-10,working,50,724.6138333333333,562.4329885057471
5,2025-09-10,working,51,723.663,653.9662162162163
5,2025-09-10,working,52,731.5182222222222,664.8654861111112
5,2025-09-10,working,53,740.5535555555556,697.8512056737588
5,2025-09-10,working,54,842.1212777777777,568.0686875
5,2025-09-10,working,55,873.6734444444445,755.6437647058824
5,2025-09-10,working,56,879.4808888888889,812.7177647058822
5,2025-09-10,working,57,882.2962222222222,544.9269714285714
5,2025-09-10,working,58,883.9880555555555,806.6862790697675
5,2025-09-10,working,59,877.3471111111112,721.2888023952096
5,2025-09-10,working,60,779.8688333333334,736.404540229885
5,2025-09-10,working,61,798.0742458100559,755.0881927710843
5,2025-09-10,working,62,791.9724309392266,636.5371518987341
5,2025-09-10,working,63,787.7928333333333,540.2082352941177
5,2025-09-10,working,64,776.8256111111112,495.74364963503655
5,2025-09-10,working,65,739.9531111111111,349.06680272108844
5,2025-09-10,working,66,603.775,221.1409941520468
5,2025-09-10,working,67,300.3957222222222,121.98203947368421
5,2025-09-10,working,68,22.41127777777778,20.489646017699116
5,2025-09-10,working,69,17.96,16.84
5,2025-09-10,working,70,15.074777777777777,13.759651162790696
5,2025-09-10,working,71,15.84388888888889,8.28641975308642
5,2025-09-10,working,72,17.166055555555555,0.5692105263157895
5,2025-09-10,working,73,19.28488888888889,0.0
5,2025-09-10,working,74,19.294833333333333,0.0
5,2025-09-10,working,75,19.132166666666667,0.0
5,2025-09-10,working,76,20.09088888888889,0.0
5,2025-09-10,working,77,20.53,0.0
5,2025-09-10,working,78,20.17972222222222,0.0
5,2025-09-10,working,79,19.717222222222222,0.0
5,2025-09-10,working,80,20.63361111111111,0.0
5,2025-09-10,working,81,20.65661111111111,0.0
5,2025-09-10,working,82,20.32391061452514,0.0
5,2025-09-10,working,83,19.91685082872928,0.0
5,2025-09-10,working,84,17.750833333333333,0.0
5,2025-09-10,working,85,17.437444444444445,0.0
5,2025-09-10,working,86,17.44977777777778,0.0
5,2025-09-10,working,87,17.715777777777777,0.0
5,2025-09-10,working,88,18.151333333333334,0.0
5,2025-09-10,working,89,18.349,0.0
5,2025-09-10,working,90,19.268,0.0
5,2025-09-10,working,91,19.03338888888889,0.0
5,2025-09-10,working,92,18.29,0.0
5,2025-09-10,working,93,18.187166666666666,0.0
5,2025-09-10,working,94,17.494833333333336,0.0
5,2025-09-10,working,95,18.65072222222222,0.0
6,2025-09-11,working,0,19.697515527950312,0.0
6,2025-09-11,working,1,20.1905,0.0
6,2025-09-11,working,2,19.81727777777778,0.0
6,2025-09-11,working,3,18.25622222222222,0.0
6,2025-09-11,working,4,16.853,0.0
6,2025-09-11,working,5,17.744055555555555,0.0
6,2025-09-11,working,6,17.537666666666667,0.0
6,2025-09-11,working,7,17.540666666666667,0.0
6,2025-09-11,working,8,18.263944444444444,0.0
6,2025-09-11,working,9,18.39822222222222,0.0
6,2025-09-11,working,10,17.478,0.0
6,2025-09-11,working,11,18.01688888888889,0.0
6,2025-09-11,working,12,17.392888888888887,0.0
6,2025-09-11,working,13,17.140888888888888,0.0
6,2025-09-11,working,14,16.552555555555557,0.0
6,2025-09-11,working,15,17.217166666666667,0.0
6,2025-09-11,working,16,19.135388888888887,0.0
6,2025-09-11,working,17,19.984944444444444,0.0
6,2025-09-11,working,18,20.082722222222223,0.0
6,2025-09-11,working,19,19.185277777777777,0.0
6,2025-09-11,working,20,16.909333333333333,0.0
6,2025-09-11,working,21,14.193722222222222,0.0
6,2025-09-11,working,22,13.743555555555556,0.0
6,2025-09-11,working,23,14.921166666666666,0.1742857142857143
6,2025-09-11,working,24,13.66738888888889,2.1799354838709677
6,2025-09-11,working,25,16.962722222222222,6.577500000000001
6,2025-09-11,working,26,16.190444444444445,13.445972222222222
6,2025-09-11,working,27,14.596777777777778,13.138173076923076
6,2025-09-11,working,28,28.078944444444446,25.27191489361702
6,2025-09-11,working,29,378.41783333333336,31.581
6,2025-09-11,working,30,658.190388888889,40.06633333333333
6,2025-09-11,working,31,692.2737777777778,52.65470149253732
6,2025-09-11,working,32,729.5011666666667,61.175065789473685
6,2025-09-11,working,33,726.9261111111111,77.94924999999999
6,2025-09-11,working,34,663.973,93.60100000000001
6,2025-09-11,working,35,672.9081111111111,103.9558064516129
6,2025-09-11,working,36,706.8757777777778,110.29571428571428
6,2025-09-11,working,37,669.8132777777778,111.02142857142856
6,2025-09-11,working,38,655.3969444444444,110.062
6,2025-09-11,working,39,678.18,113.97597701149425
6,2025-09-11,working,40,629.0183888888889,121.80740740740741
6,2025-09-11,working,41,647.3167777777778,132.13229357798164
6,2025-09-11,working,42,732.3244444444445,163.28753012048193
6,2025-09-11,working,43,651.7365555555556,217.866582278481
6,2025-09-11,working,44,704.4773888888889,249.6261344537815
6,2025-09-11,working,45,742.1195555555555,270.89858407079646
6,2025-09-11,working,46,728.4745555555556,292.86402173913046
6,2025-09-11,working,47,762.2905000000001,286.47006896551727
6,2025-09-11,working,48,527.3218888888889,333.2196363636363
6,2025-09-11,working,49,511.2832222222222,335.1382608695652
6,2025-09-11,working,50,536.4894444444445,311.4122727272727
6,2025-09-11,working,51,541.7362777777778,279.7221568627451
6,2025-09-11,working,52,562.805,264.33
6,2025-09-11,working,53,582.8020555555555,287.8410256410256
6,2025-09-11,working,54,660.3286111111111,257.574025974026
6,2025-09-11,working,55,679.4453888888888,205.17185430463576
6,2025-09-11,working,56,701.2582777777778,175.5753409090909
6,2025-09-11,working,57,689.1697777777778,159.02256097560976
6,2025-09-11,working,58,707.7218333333333,142.75747474747473
6,2025-09-11,working,59,633.2298333333333,144.85495495495496
6,2025-09-11,working,60,572.9099444444444,195.51191011235957
6,2025-09-11,working,61,575.3957777777778,278.44793749999997
6,2025-09-11,working,62,588.5641111111111,313.33054054054054
6,2025-09-11,working,63,600.9543333333334,270.1632911392405
6,2025-09-11,working,64,595.0836111111112,215.78238095238095
6,2025-09-11,working,65,578.9486111111111,173.87124999999997
6,2025-09-11,working,66,406.75211111111116,135.54564285714287
6,2025-09-11,working,67,225.65755555555555,79.68703703703703
6,2025-09-11,working,68,18.03311111111111,15.29923076923077
6,2025-09-11,working,69,15.223277777777778,13.808173076923076
6,2025-09-11,working,70,13.877944444444445,12.28723880597015
6,2025-09-11,working,71,16.983666666666668,8.677278106508876
6,2025-09-11,working,72,19.28011111111111,0.3933333333333333
6,2025-09-11,working,73,18.831618497109826,0.0
6,2025-09-11,working,74,19.647444444444446,0.0
6,2025-09-11,working,75,14.265277777777778,0.0
6,2025-09-11,working,76,14.489166666666668,0.0
6,2025-09-11,working,77,15.585388888888888,0.0
6,2025-09-11,working,78,16.55661111111111,0.0
6,2025-09-11,working,79,17.28538888888889,0.0
6,2025-09-11,working,80,16.006055555555555,0.0
6,2025-09-11,working,81,17.132055555555556,0.0
6,2025-09-11,working,82,17.008563535911602,0.0
6,2025-09-11,working,83,15.720555555555555,0.0
6,2025-09-11,working,84,13.549000000000001,0.0
6,2025-09-11,working,85,15.282277777777777,0.0
6,2025-09-11,working,86,14.238882681564247,0.0
6,2025-09-11,working,87,14.263055555555555,0.0
6,2025-09-11,working,88,15.609226519337016,0.0
6,2025-09-11,working,89,16.241944444444446,0.0
6,2025-09-11,working,90,17.4136312849162,0.0
6,2025-09-11,working,91,15.096906077348066,0.0
6,2025-09-11,working,92,14.186444444444444,0.0
6,2025-09-11,working,93,16.697444444444443,0.0
6,2025-09-11,working,94,14.913,0.0
6,2025-09-11,working,95,14.381555555555554,0.0
7,2025-09-12,working,0,16.5783850931677,0.0
7,2025-09-12,working,1,14.925333333333333,0.0
7,2025-09-12,working,2,14.989833333333333,0.0
7,2025-09-12,working,3,15.81288888888889,0.0
7,2025-09-12,working,4,17.003333333333334,0.0
7,2025-09-12,working,5,15.5985,0.0
7,2025-09-12,working,6,16.220055555555557,0.0
7,2025-09-12,working,7,18.035888888888888,0.0
7,2025-09-12,working,8,15.986222222222223,0.0
7,2025-09-12,working,9,15.142111111111111,0.0
7,2025-09-12,working,10,12.567222222222222,0.0
7,2025-09-12,working,11,11.743666666666668,0.0
7,2025-09-12,working,12,12.082777777777778,0.0
7,2025-09-12,working,13,11.744222222222222,0.0
7,2025-09-12,working,14,10.47461111111111,0.0
7,2025-09-12,working,15,10.039555555555555,0.0
7,2025-09-12,working,16,12.100277777777778,0.0
7,2025-09-12,working,17,14.761666666666667,0.0
7,2025-09-12,working,18,15.253222222222222,0.0
7,2025-09-12,working,19,14.189388888888889,0.0
7,2025-09-12,working,20,10.541888888888888,0.0
7,2025-09-12,working,21,8.366555555555555,0.0
7,2025-09-12,working,22,6.417,0.7794444444444445
7,2025-09-12,working,23,7.243777777777779,4.339555555555555
7,2025-09-12,working,24,8.331277777777778,7.107743902439025
7,2025-09-12,working,25,9.22711111111111,7.258636363636364
7,2025-09-12,working,26,9.536277777777778,8.751363636363637
7,2025-09-12,working,27,10.896777777777778,9.669759036144578
7,2025-09-12,working,28,20.740277777777777,17.691012658227848
7,2025-09-12,working,29,354.5011666666667,73.86978102189781
7,2025-09-12,working,30,565.4817777777778,107.92231343283582
7,2025-09-12,working,31,647.9741111111111,181.44653631284916
7,2025-09-12,working,32,692.2622222222222,332.6139411764706
7,2025-09-12,working,33,691.1140555555555,413.624358974359
7,2025-09-12,working,34,667.2953333333334,428.2396913580247
7,2025-09-12,working,35,676.6080555555556,513.3542774566473
7,2025-09-12,working,36,710.1375,651.5216959064328
7,2025-09-12,working,37,720.7522777777777,686.9625568181818
7,2025-09-12,working,38,735.1236666666667,612.8814285714286
7,2025-09-12,working,39,739.3098333333332,707.8591860465116
7,2025-09-12,working,40,704.7901111111112,622.168047337278
7,2025-09-12,working,41,774.5595,737.1472189349113
7,2025-09-12,working,42,778.6402777777778,729.0318497109827
7,2025-09-12,working,43,841.6207777777777,767.9322285714286
7,2025-09-12,working,44,860.1953333333333,696.6760344827586
7,2025-09-12,working,45,871.7488888888888,566.7666875
7,2025-09-12,working,46,839.551823899371,290.26973684210526
7,2025-09-12,working,47,854.3650555555555,185.29209944751383
7,2025-09-12,working,48,671.1196610169491,51.747218934911245
7,2025-09-12,working,49,623.3207222222222,229.20859375
7,2025-09-12,working,50,680.9064444444444,403.4371597633136
7,2025-09-12,working,51,660.0180555555555,581.8066666666667
7,2025-09-12,working,52,675.3631111111112,640.8299999999999
7,2025-09-12,working,53,696.2061111111111,664.9660674157303
7,2025-09-12,working,54,775.4362777777777,738.3898275862069
7,2025-09-12,working,55,855.1362777777778,817.7436627906977
7,2025-09-12,working,56,881.7123333333334,714.4257471264368
7,2025-09-12,working,57,874.9577222222223,478.237034883721
7,2025-09-12,working,58,861.3668333333334,413.03584269662923
7,2025-09-12,working,59,822.1677777777778,559.763294117647
7,2025-09-12,working,60,764.0513888888889,330.9511111111111
7,2025-09-12,working,61,774.9003954802259,241.39999999999998
7,2025-09-12,working,62,776.2358333333334,299.95576470588236
7,2025-09-12,working,63,771.7177222222223,359.5833333333333
7,2025-09-12,working,64,750.083,186.7512068965517
7,2025-09-12,working,65,707.1606666666667,302.2248795180723
7,2025-09-12,working,66,465.31922222222227,160.53103225806453
7,2025-09-12,working,67,185.40177777777777,90.77
7,2025-09-12,working,68,19.053444444444445,0.061317829457364345
7,2025-09-12,working,69,12.925222222222223,0.06371428571428571
7,2025-09-12,working,70,13.54961111111111,0.06420689655172414
7,2025-09-12,working,71,13.020222222222221,0.05797202797202798
7,2025-09-12,working,72,14.98411111111111,0.017499999999999998
7,2025-09-12,working,73,16.982777777777777,0.0
7,2025-09-12,working,74,16.30622222222222,0.0
7,2025-09-12,working,75,15.98561111111111,0.0
7,2025-09-12,working,76,17.522444444444446,0.0
7,2025-09-12,working,77,15.970666666666666,0.0
7,2025-09-12,working,78,13.647,0.0
7,2025-09-12,working,79,16.415388888888888,0.0
7,2025-09-12,working,80,15.950111111111111,0.0
7,2025-09-12,working,81,16.34572222222222,0.0
7,2025-09-12,working,82,15.655222222222223,0.0
7,2025-09-12,working,83,15.581833333333334,0.0
7,2025-09-12,working,84,16.511333333333333,0.0
7,2025-09-12,working,85,13.833055555555555,0.0
7,2025-09-12,working,86,12.908111111111111,0.0
7,2025-09-12,working,87,15.044055555555556,0.0
7,2025-09-12,working,88,14.644833333333334,0.0
7,2025-09-12,working,89,16.432055555555557,0.0
7,2025-09-12,working,90,15.058444444444444,0.0
7,2025-09-12,working,91,15.80311111111111,0.0
7,2025-09-12,working,92,15.935333333333334,0.0
7,2025-09-12,working,93,15.351777777777778,0.0
7,2025-09-12,working,94,14.592333333333332,0.0
7,2025-09-12,working,95,15.861833333333333,0.0
8,2025-09-13,weekend,0,12.792654320987653,0.0
8,2025-09-13,weekend,1,14.291388888888887,0.0
8,2025-09-13,weekend,2,13.42061111111111,0.0
8,2025-09-13,weekend,3,13.092555555555554,0.0
8,2025-09-13,weekend,4,13.671444444444445,0.0
8,2025-09-13,weekend,5,14.967833333333333,0.0
8,2025-09-13,weekend,6,16.441333333333333,0.0
8,2025-09-13,weekend,7,14.737166666666667,0.0
8,2025-09-13,weekend,8,14.177111111111111,0.0
8,2025-09-13,weekend,9,14.315444444444445,0.0
8,2025-09-13,weekend,10,13.882722222222222,0.0
8,2025-09-13,weekend,11,13.079444444444446,0.0
8,2025-09-13,weekend,12,14.786222222222221,0.0
8,2025-09-13,weekend,13,13.365722222222221,0.0
8,2025-09-13,weekend,14,14.309611111111112,0.0
8,2025-09-13,weekend,15,14.041444444444444,0.0
8,2025-09-13,weekend,16,15.623,0.0
8,2025-09-13,weekend,17,14.974055555555555,0.0
8,2025-09-13,weekend,18,12.918388888888888,0.0
8,2025-09-13,weekend,19,13.881888888888888,0.0
8,2025-09-13,weekend,20,11.156777777777778,0.0
8,2025-09-13,weekend,21,9.329222222222223,0.0
8,2025-09-13,weekend,22,8.516777777777778,0.11359649122807017
8,2025-09-13,weekend,23,8.901944444444444,0.022808219178082192
8,2025-09-13,weekend,24,10.472277777777778,0.02144736842105263
8,2025-09-13,weekend,25,11.392222222222221,0.023916083916083915
8,2025-09-13,weekend,26,8.52738888888889,0.021627906976744188
8,2025-09-13,weekend,27,10.351055555555556,0.019057971014492754
8,2025-09-13,weekend,28,18.880111111111113,0.021357142857142856
8,2025-09-13,weekend,29,358.97822222222226,284.9894152046784
8,2025-09-13,weekend,30,668.5456666666666,544.0489763779527
8,2025-09-13,weekend,31,741.6370000000001,621.6347945205479
8,2025-09-13,weekend,32,778.6419999999999,669.338
8,2025-09-13,weekend,33,833.8100555555556,560.5324431818182
8,2025-09-13,weekend,34,840.2529775280899,503.2451764705882
8,2025-09-13,weekend,35,868.1384971098265,565.7977192982456
8,2025-09-13,weekend,36,838.545888888889,283.51512195121956
8,2025-09-13,weekend,37,839.6409444444445,399.73054878048777
8,2025-09-13,weekend,38,812.7639204545455,584.160650887574
8,2025-09-13,weekend,39,814.7988397790056,700.8852197802198
8,2025-09-13,weekend,40,781.670239520958,462.6105421686747
8,2025-09-13,weekend,41,862.2639024390244,692.1717073170732
8,2025-09-13,weekend,42,881.8831666666666,717.0617045454545
8,2025-09-13,weekend,43,946.2841111111112,834.8103910614525
8,2025-09-13,weekend,44,929.8230555555555,834.0311999999999
8,2025-09-13,weekend,45,965.9841666666666,886.3526519337016
8,2025-09-13,weekend,46,974.9967777777779,866.8240555555554
8,2025-09-13,weekend,47,975.0187777777778,676.4543181818182
8,2025-09-13,weekend,48,829.1975555555556,688.3150568181818
8,2025-09-13,weekend,49,745.7822222222221,566.6703977272728
8,2025-09-13,weekend,50,791.8477222222222,685.2055681818182
8,2025-09-13,weekend,51,810.3097777777779,681.7350561797753
8,2025-09-13,weekend,52,808.725111111111,650.6998285714286
8,2025-09-13,weekend,53,829.6036666666666,587.7325698324023
8,2025-09-13,weekend,54,882.1152222222222,572.26075
8,2025-09-13,weekend,55,921.8365555555555,502.1048314606742
8,2025-09-13,weekend,56,932.3114444444444,678.4712941176471
8,2025-09-13,weekend,57,924.1256666666667,690.5384571428572
8,2025-09-13,weekend,58,877.4982777777778,626.972196531792
8,2025-09-13,weekend,59,820.6452222222222,710.8014772727273
8,2025-09-13,weekend,60,776.925388888889,506.6255747126437
8,2025-09-13,weekend,61,693.3876666666666,543.001214953271
8,2025-09-13,weekend,62,595.8396913580247,460.21999999999997
8,2025-09-13,weekend,63,336.9125988700565,186.20365714285714
8,2025-09-13,weekend,64,25.116363636363634,16.662857142857142
8,2025-09-13,weekend,65,18.3931843575419,9.502432432432432
8,2025-09-13,weekend,66,22.09638888888889,12.823052631578948
8,2025-09-13,weekend,67,20.628555555555554,16.624166666666667
8,2025-09-13,weekend,68,19.99522222222222,11.900864197530865
8,2025-09-13,weekend,69,19.770166666666668,11.869026548672567
8,2025-09-13,weekend,70,16.30027777777778,7.440422535211267
8,2025-09-13,weekend,71,17.695363128491618,6.025029940119761
8,2025-09-13,weekend,72,17.059226519337017,0.27442307692307694
8,2025-09-13,weekend,73,19.678944444444443,0.0
8,2025-09-13,weekend,74,20.26383333333333,0.0
8,2025-09-13,weekend,75,20.424222222222223,0.0
8,2025-09-13,weekend,76,20.715,0.0
8,2025-09-13,weekend,77,21.375444444444444,0.0
8,2025-09-13,weekend,78,22.143166666666666,0.0
8,2025-09-13,weekend,79,21.237055555555557,0.0
8,2025-09-13,weekend,80,19.667055555555557,0.0
8,2025-09-13,weekend,81,19.822555555555557,0.0
8,2025-09-13,weekend,82,22.206833333333332,0.0
8,2025-09-13,weekend,83,21.153833333333335,0.0
8,2025-09-13,weekend,84,19.167722222222224,0.0
8,2025-09-13,weekend,85,19.56577777777778,0.0
8,2025-09-13,weekend,86,19.665555555555557,0.0
8,2025-09-13,weekend,87,24.459166666666665,0.0
8,2025-09-13,weekend,88,20.670277777777777,0.0
8,2025-09-13,weekend,89,21.916055555555555,0.0
8,2025-09-13,weekend,90,19.15961111111111,0.0
8,2025-09-13,weekend,91,19.204777777777778,0.0
8,2025-09-13,weekend,92,20.869777777777777,0.0
8,2025-09-13,weekend,93,20.49227777777778,0.0
8,2025-09-13,weekend,94,17.6065,0.0
8,2025-09-13,weekend,95,16.733666666666668,0.0
9,2025-09-14,weekend,0,15.290496894409937,0.0
9,2025-09-14,weekend,1,18.52861111111111,0.0
9,2025-09-14,weekend,2,16.471111111111114,0.0
9,2025-09-14,weekend,3,16.779055555555555,0.0
9,2025-09-14,weekend,4,19.740277777777777,0.0
9,2025-09-14,weekend,5,16.53933333333333,0.0
9,2025-09-14,weekend,6,14.471388888888889,0.0
9,2025-09-14,weekend,7,15.880222222222223,0.0
9,2025-09-14,weekend,8,19.210444444444445,0.0
9,2025-09-14,weekend,9,19.415944444444445,0.0
9,2025-09-14,weekend,10,18.290277777777778,0.0
9,2025-09-14,weekend,11,16.082833333333333,0.0
9,2025-09-14,weekend,12,15.471222222222224,0.0
9,2025-09-14,weekend,13,17.808666666666667,0.0
9,2025-09-14,weekend,14,16.5735,0.0
9,2025-09-14,weekend,15,15.386777777777777,0.0
9,2025-09-14,weekend,16,14.430111111111112,0.0
9,2025-09-14,weekend,17,17.195944444444443,0.0
9,2025-09-14,weekend,18,18.807444444444446,0.0
9,2025-09-14,weekend,19,14.564333333333334,0.0
9,2025-09-14,weekend,20,14.830388888888887,0.0
9,2025-09-14,weekend,21,12.994833333333334,0.0
9,2025-09-14,weekend,22,12.11438888888889,0.7052112676056338
9,2025-09-14,weekend,23,11.196055555555555,4.1978064516129034
9,2025-09-14,weekend,24,11.047277777777778,3.3525
9,2025-09-14,weekend,25,12.558611111111112,5.6471212121212115
9,2025-09-14,weekend,26,13.029166666666667,4.555436893203884
9,2025-09-14,weekend,27,11.893722222222221,4.874303797468355
9,2025-09-14,weekend,28,17.012333333333334,7.991570247933884
9,2025-09-14,weekend,29,14.166166666666665,9.900854700854701
9,2025-09-14,weekend,30,13.1075,5.49128
9,2025-09-14,weekend,31,11.935055555555556,20.329224137931035
9,2025-09-14,weekend,32,16.890333333333334,7.7450458715596335
9,2025-09-14,weekend,33,14.041111111111112,20.752824427480917
9,2025-09-14,weekend,34,16.44838888888889,8.169925373134328
9,2025-09-14,weekend,35,13.862388888888889,13.548321167883211
9,2025-09-14,weekend,36,16.015722222222223,7.521203007518797
9,2025-09-14,weekend,37,15.027444444444445,19.313
9,2025-09-14,weekend,38,17.408166666666666,8.161132075471698
9,2025-09-14,weekend,39,12.327499999999999,27.871641791044777
9,2025-09-14,weekend,40,18.690833333333334,9.4085
9,2025-09-14,weekend,41,16.3865,29.364285714285714
9,2025-09-14,weekend,42,18.36638888888889,9.962767857142856
9,2025-09-14,weekend,43,18.169888888888888,26.875888888888888
9,2025-09-14,weekend,44,18.945333333333334,9.511145833333334
9,2025-09-14,weekend,45,17.678444444444445,21.363471074380165
9,2025-09-14,weekend,46,19.93872222222222,11.158421052631578
9,2025-09-14,weekend,47,15.864,29.85879120879121
9,2025-09-14,weekend,48,18.624111111111112,9.646956521739131
9,2025-09-14,weekend,49,19.447666666666667,35.53527777777778
9,2025-09-14,weekend,50,18.88561111111111,10.96641304347826
9,2025-09-14,weekend,51,11.364611111111111,42.053125
9,2025-09-14,weekend,52,25.3485,32.62408163265306
9,2025-09-14,weekend,53,17.684140127388535,9.026990291262136
9,2025-09-14,weekend,54,23.749435028248584,134.27769911504424
9,2025-09-14,weekend,55,15.687006369426753,270.1375862068966
9,2025-09-14,weekend,56,24.272259887005646,275.20384105960267
9,2025-09-14,weekend,57,23.42442528735632,139.36154411764707
9,2025-09-14,weekend,58,20.46038888888889,19.95595890410959
9,2025-09-14,weekend,59,18.924111111111113,18.267662337662337
9,2025-09-14,weekend,60,16.51233333333333,15.998145695364236
9,2025-09-14,weekend,61,16.6115,15.913378378378377
9,2025-09-14,weekend,62,18.596666666666668,17.95503759398496
9,2025-09-14,weekend,63,17.86127777777778,17.379485294117647
9,2025-09-14,weekend,64,18.1125,17.479455782312925
9,2025-09-14,weekend,65,18.303333333333335,17.166842105263157
9,2025-09-14,weekend,66,18.637833333333333,18.112292993630575
9,2025-09-14,weekend,67,18.067055555555555,17.682142857142857
9,2025-09-14,weekend,68,16.675555555555555,15.887291666666666
9,2025-09-14,weekend,69,16.07027777777778,15.304130434782607
9,2025-09-14,weekend,70,12.839055555555557,12.195734265734266
9,2025-09-14,weekend,71,14.064,8.864277456647399
9,2025-09-14,weekend,72,17.904,0.4875
9,2025-09-14,weekend,73,18.65222222222222,0.0
9,2025-09-14,weekend,74,19.54861111111111,0.0
9,2025-09-14,weekend,75,19.777,0.0
9,2025-09-14,weekend,76,19.725,0.0
9,2025-09-14,weekend,77,18.592777777777776,0.0
9,2025-09-14,weekend,78,19.899333333333335,0.0
9,2025-09-14,weekend,79,19.72538888888889,0.0
9,2025-09-14,weekend,80,19.410055555555555,0.0
9,2025-09-14,weekend,81,20.478777777777776,0.0
9,2025-09-14,weekend,82,21.117944444444444,0.0
9,2025-09-14,weekend,83,20.967444444444443,0.0
9,2025-09-14,weekend,84,18.25616666666667,0.0
9,2025-09-14,weekend,85,18.854,0.0
9,2025-09-14,weekend,86,18.37377777777778,0.0
9,2025-09-14,weekend,87,19.16,0.0
9,2025-09-14,weekend,88,19.829,0.0
9,2025-09-14,weekend,89,21.468,0.0
9,2025-09-14,weekend,90,20.293777777777777,0.0
9,2025-09-14,weekend,91,18.06088888888889,0.0
9,2025-09-14,weekend,92,17.0265,0.0
9,2025-09-14,weekend,93,18.28661111111111,0.0
9,2025-09-14,weekend,94,17.436055555555555,0.0
9,2025-09-14,weekend,95,18.396444444444445,0.0
10,2025-09-15,working,0,17.55141975308642,0.0
10,2025-09-15,working,1,19.855944444444447,0.0
10,2025-09-15,working,2,19.921777777777777,0.0
10,2025-09-15,working,3,20.20916666666667,0.0
10,2025-09-15,working,4,19.61277777777778,0.0
10,2025-09-15,working,5,17.903111111111112,0.0
10,2025-09-15,working,6,16.872500000000002,0.0
10,2025-09-15,working,7,17.139388888888888,0.0
10,2025-09-15,working,8,16.508666666666667,0.0
10,2025-09-15,working,9,17.215,0.0
10,2025-09-15,working,10,14.25988888888889,0.0
10,2025-09-15,working,11,15.696722222222222,0.0
10,2025-09-15,working,12,14.341000000000001,0.0
10,2025-09-15,working,13,15.367444444444443,0.0
10,2025-09-15,working,14,12.599333333333334,0.0
10,2025-09-15,working,15,15.54211111111111,0.0
10,2025-09-15,working,16,14.532055555555555,0.0
10,2025-09-15,working,17,14.963277777777778,0.0
10,2025-09-15,working,18,15.562666666666669,0.0
10,2025-09-15,working,19,15.270277777777778,0.0
10,2025-09-15,working,20,15.630722222222223,0.0
10,2025-09-15,working,21,11.051,0.0
10,2025-09-15,working,22,11.393277777777778,0.5851785714285714
10,2025-09-15,working,23,9.225888888888889,5.368483146067416
10,2025-09-15,working,24,11.269388888888889,10.39432098765432
10,2025-09-15,working,25,11.229111111111111,10.7135
10,2025-09-15,working,26,10.245611111111112,9.550984848484848
10,2025-09-15,working,27,12.945555555555554,12.386986301369863
10,2025-09-15,working,28,29.230055555555555,28.28970238095238
10,2025-09-15,working,29,368.1292222222222,306.85976470588236
10,2025-09-15,working,30,733.3709444444444,544.7059756097561
10,2025-09-15,working,31,769.3362222222222,634.3241721854305
10,2025-09-15,working,32,827.3455555555556,760.5909677419355
10,2025-09-15,working,33,936.9691666666668,892.1388953488373
10,2025-09-15,working,34,928.217570621469,923.4907831325302
10,2025-09-15,working,35,928.3582222222223,555.0411363636364
10,2025-09-15,working,36,924.3068926553673,754.3200632911393
10,2025-09-15,working,37,920.5002259887007,765.5769822485207
10,2025-09-15,working,38,937.5572777777778,558.8022360248448
10,2025-09-15,working,39,923.858388888889,411.3871508379888
10,2025-09-15,working,40,987.4315,324.26308988764043
10,2025-09-15,working,41,980.5654237288135,777.0299411764705
10,2025-09-15,working,42,989.2580110497238,731.5246086956522
10,2025-09-15,working,43,991.8136666666667,561.2478873239436
10,2025-09-15,working,44,1004.7436666666666,767.5328125
10,2025-09-15,working,45,996.016384180791,686.7251265822786
10,2025-09-15,working,46,1011.2158333333334,463.2485620915033
10,2025-09-15,working,47,970.8940555555555,346.66375
10,2025-09-15,working,48,799.8212777777777,600.227485380117
10,2025-09-15,working,49,765.666611111111,434.71166666666664
10,2025-09-15,working,50,787.6401111111111,413.07179487179485
10,2025-09-15,working,51,789.2760555555556,570.3707189542483
10,2025-09-15,working,52,788.7003888888889,466.47871621621624
10,2025-09-15,working,53,788.1595,451.2436477987422
10,2025-09-15,working,54,870.8317777777778,725.9036312849162
10,2025-09-15,working,55,911.9756666666666,368.63197674418603
10,2025-09-15,working,56,902.3634444444446,247.3189444444444
10,2025-09-15,working,57,893.2126666666667,126.71203703703702
10,2025-09-15,working,58,873.3942222222222,122.87286549707602
10,2025-09-15,working,59,745.0773888888889,76.92642424242425
10,2025-09-15,working,60,675.4259444444444,128.2349723756906
10,2025-09-15,working,61,679.2197222222222,218.85497142857145
10,2025-09-15,working,62,682.7392222222222,274.3671052631579
10,2025-09-15,working,63,702.3670555555556,249.682049689441
10,2025-09-15,working,64,718.3611111111111,221.20962962962963
10,2025-09-15,working,65,683.2441666666666,202.79347826086956
10,2025-09-15,working,66,545.0436111111111,168.5780882352941
10,2025-09-15,working,67,284.6141666666667,117.74447852760736
10,2025-09-15,working,68,22.94022222222222,23.718066666666665
10,2025-09-15,working,69,17.947206703910616,17.79621359223301
10,2025-09-15,working,70,15.970386740331492,15.526842105263158
10,2025-09-15,working,71,16.090444444444447,5.762598870056498
10,2025-09-15,working,72,20.40588888888889,0.112
10,2025-09-15,working,73,24.1975,0.0
10,2025-09-15,working,74,20.304222222222222,0.0
10,2025-09-15,working,75,19.83338888888889,0.0
10,2025-09-15,working,76,19.429277777777777,0.0
10,2025-09-15,working,77,20.918666666666667,0.0
10,2025-09-15,working,78,20.618444444444446,0.0
10,2025-09-15,working,79,20.580055865921786,0.0
10,2025-09-15,working,80,20.574088397790053,0.0
10,2025-09-15,working,81,19.766388888888887,0.0
10,2025-09-15,working,82,19.083444444444446,0.0
10,2025-09-15,working,83,18.928944444444443,0.0
10,2025-09-15,working,84,16.7735,0.0
10,2025-09-15,working,85,16.692444444444444,0.0
10,2025-09-15,working,86,19.446055555555557,0.0
10,2025-09-15,working,87,16.37361111111111,0.0
10,2025-09-15,working,88,16.841944444444444,0.0
10,2025-09-15,working,89,18.592277777777777,0.0
10,2025-09-15,working,90,17.082722222222223,0.0
10,2025-09-15,working,91,16.18777777777778,0.0
10,2025-09-15,working,92,18.418055555555554,0.0
10,2025-09-15,working,93,17.492166666666666,0.0
10,2025-09-15,working,94,17.38411111111111,0.0
10,2025-09-15,working,95,18.113166666666665,0.0
11,2025-09-16,working,0,16.241666666666667,0.0
11,2025-09-16,working,1,15.293333333333335,0.0
11,2025-09-16,working,2,17.215055555555555,0.0
11,2025-09-16,working,3,16.385277777777777,0.0
11,2025-09-16,working,4,15.918111111111113,0.0
11,2025-09-16,working,5,16.184166666666666,0.0
11,2025-09-16,working,6,17.419333333333334,0.0
11,2025-09-16,working,7,16.345388888888888,0.0
11,2025-09-16,working,8,15.781222222222222,0.0
11,2025-09-16,working,9,19.423833333333334,0.0
11,2025-09-16,working,10,17.732555555555557,0.0
11,2025-09-16,working,11,17.884444444444444,0.0
11,2025-09-16,working,12,16.721444444444444,0.0
11,2025-09-16,working,13,16.509722222222223,0.0
11,2025-09-16,working,14,16.4715,0.0
11,2025-09-16,working,15,16.480944444444447,0.0
11,2025-09-16,working,16,17.358999999999998,0.0
11,2025-09-16,working,17,16.849777777777778,0.0
11,2025-09-16,working,18,16.82027777777778,0.0
11,2025-09-16,working,19,16.60161111111111,0.0
11,2025-09-16,working,20,16.651833333333332,0.0
11,2025-09-16,working,21,14.695,0.0
11,2025-09-16,working,22,12.477666666666666,1.1950909090909092
11,2025-09-16,working,23,11.653999999999998,9.011307189542483
11,2025-09-16,working,24,10.881388888888889,10.243310344827586
11,2025-09-16,working,25,9.206333333333333,8.656928104575163
11,2025-09-16,working,26,10.686499999999999,9.852711864406778
11,2025-09-16,working,27,12.754,12.180583333333335
11,2025-09-16,working,28,38.32361111111111,36.83918518518519
11,2025-09-16,working,29,401.32000000000005,283.4500709219858
11,2025-09-16,working,30,726.9161666666666,325.20254237288134
11,2025-09-16,working,31,770.9209444444443,362.35955056179773
11,2025-09-16,working,32,756.4684444444445,426.2319298245614
11,2025-09-16,working,33,739.8640555555555,520.5381097560976
11,2025-09-16,working,34,736.1777777777778,727.8463483146068
11,2025-09-16,working,35,754.2146111111111,751.2502105263159
11,2025-09-16,working,36,385.25,600.7889285714285
11,2025-09-16,working,37,343.73901204819276,612.8203414634146
11,2025-09-16,working,38,461.24063694267517,530.9992708333333
11,2025-09-16,working,39,523.6706597222222,755.640612244898
11,2025-09-16,working,40,816.7664444444443,747.8366666666667
11,2025-09-16,working,41,94.65766336633664,433.9418390804598
11,2025-09-16,working,42,520.2126470588236,662.3463221884499
11,2025-09-16,working,43,785.9655092592592,719.254292929293
11,2025-09-16,working,44,415.91333333333336,628.1201754385966
11,2025-09-16,working,45,348.43189054726366,680.5680729166667
11,2025-09-16,working,46,465.7586261980831,877.969705882353
11,2025-09-16,working,47,749.202540192926,806.873108108108
11,2025-09-16,working,48,749.1879057591624,739.5782681564247
11,2025-09-16,working,49,711.0496551724137,711.4341436464089
11,2025-09-16,working,50,823.4528888888889,747.4194444444445
11,2025-09-16,working,51,824.5271666666667,744.7882872928176
11,2025-09-16,working,52,843.8947222222222,745.6036363636363
11,2025-09-16,working,53,861.1928333333333,772.6203910614524
11,2025-09-16,working,54,935.4113333333333,795.9095480225989
11,2025-09-16,working,55,840.004406779661,715.2890350877193
11,2025-09-16,working,56,975.5196132596684,834.1136312849162
11,2025-09-16,working,57,980.9428333333333,746.7084
11,2025-09-16,working,58,945.0229444444444,842.029034090909
11,2025-09-16,working,59,886.8983798882681,797.881404494382
11,2025-09-16,working,60,862.2514364640884,782.278275862069
11,2025-09-16,working,61,836.4849999999999,556.7852840909092
11,2025-09-16,working,62,806.1308938547486,261.2192857142857
11,2025-09-16,working,63,801.816187845304,360.60329268292685
11,2025-09-16,working,64,796.3126666666667,524.9287401574803
11,2025-09-16,working,65,781.8071111111111,478.13160583941607
11,2025-09-16,working,66,705.4822346368716,367.63244897959186
11,2025-09-16,working,67,368.0844751381215,216.79730061349693
11,2025-09-16,working,68,24.978,20.042470588235297
11,2025-09-16,working,69,20.510944444444444,16.747906976744186
11,2025-09-16,working,70,18.149944444444444,15.231574803149607
11,2025-09-16,working,71,17.8625,11.956249999999999
11,2025-09-16,working,72,20.076333333333334,0.8165306122448979
11,2025-09-16,working,73,21.722833333333334,0.0
11,2025-09-16,working,74,21.606666666666666,0.0
11,2025-09-16,working,75,20.94677777777778,0.0
11,2025-09-16,working,76,20.237055555555557,0.0
11,2025-09-16,working,77,21.000611111111112,0.0
11,2025-09-16,working,78,21.046666666666667,0.0
11,2025-09-16,working,79,21.579444444444444,0.0
11,2025-09-16,working,80,23.52288888888889,0.0
11,2025-09-16,working,81,23.193055555555556,0.0
11,2025-09-16,working,82,21.333833333333335,0.0
11,2025-09-16,working,83,20.897,0.0
11,2025-09-16,working,84,19.884833333333333,0.0
11,2025-09-16,working,85,19.827444444444446,0.0
11,2025-09-16,working,86,20.093555555555557,0.0
11,2025-09-16,working,87,22.029,0.0
11,2025-09-16,working,88,22.962,0.0
11,2025-09-16,working,89,18.901777777777777,0.0
11,2025-09-16,working,90,19.439888888888888,0.0
11,2025-09-16,working,91,19.09738888888889,0.0
11,2025-09-16,working,92,19.407333333333334,0.0
11,2025-09-16,working,93,20.832944444444443,0.0
11,2025-09-16,working,94,20.517944444444446,0.0
11,2025-09-16,working,95,21.803055555555556,0.0
12,2025-09-17,working,0,20.377080745341615,0.0
12,2025-09-17,working,1,19.415055555555554,0.0
12,2025-09-17,working,2,16.346666666666668,0.0
12,2025-09-17,working,3,15.353444444444444,0.0
12,2025-09-17,working,4,17.460166666666666,0.0
12,2025-09-17,working,5,16.195611111111113,0.0
12,2025-09-17,working,6,17.749333333333333,0.0
12,2025-09-17,working,7,16.292833333333334,0.0
12,2025-09-17,working,8,17.133166666666664,0.0
12,2025-09-17,working,9,18.3355,0.0
12,2025-09-17,working,10,17.733888888888888,0.0
12,2025-09-17,working,11,17.959055555555555,0.0
12,2025-09-17,working,12,18.208666666666666,0.0
12,2025-09-17,working,13,17.61588888888889,0.0
12,2025-09-17,working,14,14.835666666666667,0.0
12,2025-09-17,working,15,14.475555555555555,0.0
12,2025-09-17,working,16,18.642222222222223,0.0
12,2025-09-17,working,17,17.052166666666665,0.0
12,2025-09-17,working,18,16.885166666666667,0.0
12,2025-09-17,working,19,13.930277777777777,0.0
12,2025-09-17,working,20,15.438444444444444,0.0
12,2025-09-17,working,21,11.90838888888889,0.0
12,2025-09-17,working,22,13.022444444444444,0.2642307692307692
12,2025-09-17,working,23,12.506666666666666,5.481620111731844
12,2025-09-17,working,24,11.834944444444444,9.407622950819672
12,2025-09-17,working,25,13.304277777777777,9.244965034965034
12,2025-09-17,working,26,12.773444444444443,9.245670103092785
12,2025-09-17,working,27,21.41122222222222,12.404767441860464
12,2025-09-17,working,28,48.300555555555555,44.685806451612905
12,2025-09-17,working,29,413.3163333333333,152.79745341614907
12,2025-09-17,working,30,608.8236666666667,246.49258620689653
12,2025-09-17,working,31,694.2963888888889,432.99937106918236
12,2025-09-17,working,32,748.728111111111,579.1965714285714
12,2025-09-17,working,33,801.836888888889,725.9015909090908
12,2025-09-17,working,34,804.5586111111111,669.7635754189944
12,2025-09-17,working,35,805.2390555555555,610.8260693641619
12,2025-09-17,working,36,810.0496666666667,545.6146043165468
12,2025-09-17,working,37,820.4228333333333,615.2850299401198
12,2025-09-17,working,38,815.6097777777778,502.99568047337283
12,2025-09-17,working,39,804.8460115606936,674.1924427480917
12,2025-09-17,working,40,821.3471111111112,740.6317877094972
12,2025-09-17,working,41,912.5772777777778,811.0302808988763
12,2025-09-17,working,42,839.5622777777777,757.1932222222222
12,2025-09-17,working,43,874.0443888888889,775.4206179775281
12,2025-09-17,working,44,901.7526666666668,448.04648148148146
12,2025-09-17,working,45,933.5496666666667,541.8879768786127
12,2025-09-17,working,46,907.5859444444444,467.8821333333334
12,2025-09-17,working,47,875.6537777777777,351.7489937106918
12,2025-09-17,working,48,649.4019444444444,177.1759863945578
12,2025-09-17,working,49,607.9778333333333,217.78980132450332
12,2025-09-17,working,50,603.8380555555556,214.58623456790124
12,2025-09-17,working,51,613.0667777777778,248.2484328358209
12,2025-09-17,working,52,635.4707222222222,305.1862015503876
12,2025-09-17,working,53,639.5209444444445,318.1772826086957
12,2025-09-17,working,54,709.7308888888889,314.28511450381677
12,2025-09-17,working,55,759.2684444444445,296.95799999999997
12,2025-09-17,working,56,765.4217777777778,328.5907746478873
12,2025-09-17,working,57,773.795388888889,270.1974380165289
12,2025-09-17,working,58,764.3447777777777,236.7271724137931
12,2025-09-17,working,59,693.107,157.94459770114943
12,2025-09-17,working,60,683.5716666666666,201.68525316455697
12,2025-09-17,working,61,694.5727222222222,242.90526627218935
12,2025-09-17,working,62,694.7255555555556,72.52894444444443
12,2025-09-17,working,63,681.6526111111111,86.64880503144654
12,2025-09-17,working,64,644.7062777777778,96.38619883040936
12,2025-09-17,working,65,584.1842777777778,138.02172413793105
12,2025-09-17,working,66,500.21127777777775,128.80189393939392
12,2025-09-17,working,67,277.8448888888889,83.12132075471698
12,2025-09-17,working,68,26.312277777777776,20.00965909090909
12,2025-09-17,working,69,17.784,13.934137931034483
12,2025-09-17,working,70,16.15611111111111,7.82412429378531
12,2025-09-17,working,71,20.81083333333333,2.848383233532934
12,2025-09-17,working,72,20.453444444444443,0.022
12,2025-09-17,working,73,21.662166666666668,0.0
12,2025-09-17,working,74,20.430666666666667,0.0
12,2025-09-17,working,75,20.797833333333333,0.0
12,2025-09-17,working,76,21.62333333333333,0.0
12,2025-09-17,working,77,17.32088888888889,0.0
12,2025-09-17,working,78,19.778222222222222,0.0
12,2025-09-17,working,79,20.48327777777778,0.0
12,2025-09-17,working,80,19.16138888888889,0.0
12,2025-09-17,working,81,20.499388888888888,0.0
12,2025-09-17,working,82,17.4645,0.0
12,2025-09-17,working,83,16.350722222222224,0.0
12,2025-09-17,working,84,16.701055555555556,0.0
12,2025-09-17,working,85,16.68288888888889,0.0
12,2025-09-17,working,86,17.054277777777777,0.0
12,2025-09-17,working,87,13.677555555555555,0.0
12,2025-09-17,working,88,15.480222222222222,0.0
12,2025-09-17,working,89,17.881555555555554,0.0
12,2025-09-17,working,90,17.078166666666668,0.0
12,2025-09-17,working,91,15.703277777777778,0.0
12,2025-09-17,working,92,15.682611111111111,0.0
12,2025-09-17,working,93,15.225722222222222,0.0
12,2025-09-17,working,94,18.86477777777778,0.0
12,2025-09-17,working,95,19.746388888888887,0.0
13,2025-09-18,working,0,15.481111111111112,0.0
13,2025-09-18,working,1,15.89388888888889,0.0
13,2025-09-18,working,2,17.663,0.0
13,2025-09-18,working,3,16.583277777777777,0.0
13,2025-09-18,working,4,13.866333333333333,0.0
13,2025-09-18,working,5,15.431722222222222,0.0
13,2025-09-18,working,6,18.549055555555555,0.0
13,2025-09-18,working,7,15.703555555555555,0.0
13,2025-09-18,working,8,17.05177777777778,0.0
13,2025-09-18,working,9,18.043055555555554,0.0
13,2025-09-18,working,10,17.025111111111112,0.0
13,2025-09-18,working,11,17.02438888888889,0.0
13,2025-09-18,working,12,16.341833333333334,0.0
13,2025-09-18,working,13,16.357222222222223,0.0
13,2025-09-18,working,14,17.719944444444444,0.0
13,2025-09-18,working,15,15.286888888888889,0.0
13,2025-09-18,working,16,14.635388888888889,0.0
13,2025-09-18,working,17,16.48938888888889,0.0
13,2025-09-18,working,18,18.74511111111111,0.0
13,2025-09-18,working,19,18.160111111111114,0.0
13,2025-09-18,working,20,15.756388888888889,0.0
13,2025-09-18,working,21,14.372944444444444,0.0
13,2025-09-18,working,22,11.28111111111111,0.0
13,2025-09-18,working,23,12.381722222222223,3.4510650887573964
13,2025-09-18,working,24,13.475666666666665,10.866805555555555
13,2025-09-18,working,25,12.246222222222222,9.606470588235293
13,2025-09-18,working,26,10.166,7.526057692307693
13,2025-09-18,working,27,14.030444444444445,10.850263157894737
13,2025-09-18,working,28,25.045277777777777,19.681176470588234
13,2025-09-18,working,29,406.1781111111111,188.1933121019108
13,2025-09-18,working,30,696.994,344.43576158940397
13,2025-09-18,working,31,714.2855,468.96051724137936
13,2025-09-18,working,32,753.1020555555556,469.5613966480447
13,2025-09-18,working,33,734.4033888888888,641.9920555555556
13,2025-09-18,working,34,707.9412222222222,558.9666101694916
13,2025-09-18,working,35,747.8798888888889,510.12655555555557
13,2025-09-18,working,36,786.0599444444445,709.4584393063584
13,2025-09-18,working,37,808.5146111111111,634.1865
13,2025-09-18,working,38,832.1495555555556,682.5767428571428
13,2025-09-18,working,39,871.5995,619.8452873563218
13,2025-09-18,working,40,779.0653888888888,399.395
13,2025-09-18,working,41,825.4932777777778,588.4844444444444
13,2025-09-18,working,42,833.6793333333334,342.16908450704227
13,2025-09-18,working,43,894.9687222222221,818.3568361581921
13,2025-09-18,working,44,863.7236111111112,475.2467597765363
13,2025-09-18,working,45,915.5834444444444,398.17503267973854
13,2025-09-18,working,46,895.0964444444444,772.9274301675978
13,2025-09-18,working,47,867.2068333333334,740.3998876404494
13,2025-09-18,working,48,618.0740555555556,574.2357894736842
13,2025-09-18,working,49,610.8734444444444,550.9006857142857
13,2025-09-18,working,50,746.295888888889,626.7485795454545
13,2025-09-18,working,51,754.1356111111111,672.1310734463277
13,2025-09-18,working,52,774.7664444444443,694.1134444444444
13,2025-09-18,working,53,793.524,711.0239106145251
13,2025-09-18,working,54,870.2401111111111,572.5961403508772
13,2025-09-18,working,55,909.5663333333333,804.6347777777778
13,2025-09-18,working,56,926.7464444444444,778.2085
13,2025-09-18,working,57,945.4191666666667,828.4725
13,2025-09-18,working,58,940.215,609.0001136363636
13,2025-09-18,working,59,882.8310555555555,255.03941747572816
13,2025-09-18,working,60,761.4703333333333,224.8864655172414
13,2025-09-18,working,61,742.5887777777779,152.114625
13,2025-09-18,working,62,713.8302777777777,172.57607692307693
13,2025-09-18,working,63,697.1968888888889,190.34987012987014
13,2025-09-18,working,64,700.7923333333333,175.14
13,2025-09-18,working,65,679.1853333333333,118.2814619883041
13,2025-09-18,working,66,505.5432692307692,75.90032967032967
13,2025-09-18,working,67,251.8358333333333,58.507746478873244
13,2025-09-18,working,68,22.347666666666665,18.203793103448277
13,2025-09-18,working,69,18.79211111111111,15.709402985074627
13,2025-09-18,working,70,17.653055555555557,11.485833333333334
13,2025-09-18,working,71,17.003333333333334,4.944917127071823
13,2025-09-18,working,72,17.690444444444445,0.995
13,2025-09-18,working,73,20.66461111111111,0.0
13,2025-09-18,working,74,23.532944444444446,0.0
13,2025-09-18,working,75,22.862944444444445,0.0
13,2025-09-18,working,76,19.354166666666668,0.0
13,2025-09-18,working,77,18.555222222222223,0.0
13,2025-09-18,working,78,19.08711111111111,0.0
13,2025-09-18,working,79,19.372666666666667,0.0
13,2025-09-18,working,80,21.780444444444445,0.0
13,2025-09-18,working,81,22.181722222222223,0.0
13,2025-09-18,working,82,21.9065,0.0
13,2025-09-18,working,83,20.34561111111111,0.0
13,2025-09-18,working,84,18.844055555555556,0.0
13,2025-09-18,working,85,17.457222222222224,0.0
13,2025-09-18,working,86,17.308500000000002,0.0
13,2025-09-18,working,87,16.155666666666665,0.0
13,2025-09-18,working,88,18.035333333333334,0.0
13,2025-09-18,working,89,17.07622222222222,0.0
13,2025-09-18,working,90,16.29088888888889,0.0
13,2025-09-18,working,91,17.166,0.0
13,2025-09-18,working,92,15.871944444444443,0.0
13,2025-09-18,working,93,13.896166666666666,0.0
13,2025-09-18,working,94,17.110388888888888,0.0
13,2025-09-18,working,95,16.14966666666667,0.0
14,2025-09-19,working,0,16.72944099378882,0.0
14,2025-09-19,working,1,17.77572222222222,0.0
14,2025-09-19,working,2,13.989944444444445,0.0
14,2025-09-19,working,3,14.183555555555555,0.0
14,2025-09-19,working,4,17.059166666666666,0.0
14,2025-09-19,working,5,13.709,0.0
14,2025-09-19,working,6,15.683722222222222,0.0
14,2025-09-19,working,7,18.291722222222223,0.0
14,2025-09-19,working,8,15.652277777777776,0.0
14,2025-09-19,working,9,15.023444444444443,0.0
14,2025-09-19,working,10,17.088444444444445,0.0
14,2025-09-19,working,11,17.153222222222222,0.0
14,2025-09-19,working,12,15.544388888888887,0.0
14,2025-09-19,working,13,17.776,0.0
14,2025-09-19,working,14,17.646,0.0
14,2025-09-19,working,15,16.443555555555555,0.0
14,2025-09-19,working,16,17.890944444444443,0.0
14,2025-09-19,working,17,16.070722222222223,0.0
14,2025-09-19,working,18,15.949333333333334,0.0
14,2025-09-19,working,19,17.67877777777778,0.0
14,2025-09-19,working,20,17.2485,0.0
14,2025-09-19,working,21,12.792888888888887,0.0
14,2025-09-19,working,22,11.687666666666669,1.0254098360655737
14,2025-09-19,working,23,14.376833333333334,7.735341614906833
14,2025-09-19,working,24,11.441833333333335,7.064859813084112
14,2025-09-19,working,25,10.719055555555556,7.634751773049645
14,2025-09-19,working,26,11.54561111111111,7.755954198473282
14,2025-09-19,working,27,14.522555555555556,10.568829787234042
14,2025-09-19,working,28,32.71205555555556,28.76076923076923
14,2025-09-19,working,29,393.20061111111113,303.2952142857143
14,2025-09-19,working,30,615.5242777777778,512.318102189781
14,2025-09-19,working,31,745.315,606.3621710526317
14,2025-09-19,working,32,747.7387777777778,683.5913636363637
14,2025-09-19,working,33,792.3332777777778,727.5418343195266
14,2025-09-19,working,34,823.5891111111112,746.5578651685393
14,2025-09-19,working,35,841.3446666666667,652.6174860335195
14,2025-09-19,working,36,817.024888888889,607.1336111111111
14,2025-09-19,working,37,815.4122033898304,672.3509604519774
14,2025-09-19,working,38,813.7870555555556,619.2833333333333
14,2025-09-19,working,39,844.6131666666666,675.2850828729282
14,2025-09-19,working,40,824.8395555555555,683.3063428571429
14,2025-09-19,working,41,865.9261666666666,670.5709604519774
14,2025-09-19,working,42,898.857611111111,685.6653072625699
14,2025-09-19,working,43,913.574111111111,761.857570621469
14,2025-09-19,working,44,951.4816666666667,629.4307344632768
14,2025-09-19,working,45,999.0980000000001,803.2557541899441
14,2025-09-19,working,46,973.3025555555555,667.495
14,2025-09-19,working,47,934.2854444444445,594.707955801105
14,2025-09-19,working,48,693.6291666666667,453.748345323741
14,2025-09-19,working,49,697.0333333333333,517.394469273743
14,2025-09-19,working,50,753.1867222222221,665.1676795580111
14,2025-09-19,working,51,754.6772222222222,686.9817415730337
14,2025-09-19,working,52,786.4399444444444,706.6317222222223
14,2025-09-19,working,53,821.6116666666667,743.2839664804469
14,2025-09-19,working,54,866.0442222222222,337.37134146341464
14,2025-09-19,working,55,906.4055,686.1927683615819
14,2025-09-19,working,56,974.1605000000001,626.0131818181818
14,2025-09-19,working,57,979.4007777777779,647.8500564971752
14,2025-09-19,working,58,974.8428888888889,644.5969273743017
14,2025-09-19,working,59,955.4636666666667,185.40235294117647
14,2025-09-19,working,60,919.795111111111,79.80248062015504
14,2025-09-19,working,61,862.2335555555557,242.3966101694915
14,2025-09-19,working,62,805.2882222222222,605.3476470588236
14,2025-09-19,working,63,797.9234444444445,542.8169291338583
14,2025-09-19,working,64,759.8786666666667,215.76363636363635
14,2025-09-19,working,65,710.2274444444445,365.5613138686131
14,2025-09-19,working,66,561.3655555555556,296.39633587786255
14,2025-09-19,working,67,281.98488888888886,187.43440789473684
14,2025-09-19,working,68,27.155944444444444,23.770491803278688
14,2025-09-19,working,69,24.568055555555556,22.413035714285716
14,2025-09-19,working,70,48.947722222222225,22.665912408759123
14,2025-09-19,working,71,41.27827777777778,14.037529411764707
14,2025-09-19,working,72,16.507555555555555,3.010422535211268
14,2025-09-19,working,73,18.241111111111113,0.0
14,2025-09-19,working,74,17.973055555555558,0.0
14,2025-09-19,working,75,18.297611111111113,0.0
14,2025-09-19,working,76,20.022222222222222,0.0
14,2025-09-19,working,77,20.834666666666667,0.0
14,2025-09-19,working,78,20.93461111111111,0.0
14,2025-09-19,working,79,20.149333333333335,0.0
14,2025-09-19,working,80,18.755777777777777,0.0
14,2025-09-19,working,81,17.8345,0.0
14,2025-09-19,working,82,19.56722222222222,0.0
14,2025-09-19,working,83,19.79574585635359,0.0
14,2025-09-19,working,84,19.358715083798884,0.0
14,2025-09-19,working,85,18.493333333333336,0.0
14,2025-09-19,working,86,18.65182320441989,0.0
14,2025-09-19,working,87,20.225777777777775,0.0
14,2025-09-19,working,88,19.873072625698324,0.0
14,2025-09-19,working,89,18.08711111111111,0.0
14,2025-09-19,working,90,18.77099447513812,0.0
14,2025-09-19,working,91,21.235977653631284,0.0
14,2025-09-19,working,92,19.864611111111113,0.0
14,2025-09-19,working,93,17.448,0.0
14,2025-09-19,working,94,18.182651933701656,0.0
14,2025-09-19,working,95,19.61446927374302,0.0
15,2025-09-20,weekend,0,17.862098765432098,0.0
15,2025-09-20,weekend,1,17.444333333333333,0.0
15,2025-09-20,weekend,2,18.775666666666666,0.0
15,2025-09-20,weekend,3,18.593444444444444,0.0
15,2025-09-20,weekend,4,23.1975,0.0
15,2025-09-20,weekend,5,21.75772222222222,0.0
15,2025-09-20,weekend,6,20.215333333333334,0.0
15,2025-09-20,weekend,7,20.488444444444443,0.0
15,2025-09-20,weekend,8,20.840944444444442,0.0
15,2025-09-20,weekend,9,19.978444444444445,0.0
15,2025-09-20,weekend,10,20.014833333333335,0.0
15,2025-09-20,weekend,11,19.505333333333333,0.0
15,2025-09-20,weekend,12,17.953888888888887,0.0
15,2025-09-20,weekend,13,16.747055555555555,0.0
15,2025-09-20,weekend,14,15.538277777777777,0.0
15,2025-09-20,weekend,15,15.741666666666667,0.0
15,2025-09-20,weekend,16,18.1965,0.0
15,2025-09-20,weekend,17,19.64361111111111,0.0
15,2025-09-20,weekend,18,17.548277777777777,0.0
15,2025-09-20,weekend,19,18.752499999999998,0.0
15,2025-09-20,weekend,20,18.029777777777777,0.0
15,2025-09-20,weekend,21,11.91,0.0
15,2025-09-20,weekend,22,11.422333333333333,1.2076190476190476
15,2025-09-20,weekend,23,12.25261111111111,7.463354430379747
15,2025-09-20,weekend,24,10.125944444444444,7.686470588235294
15,2025-09-20,weekend,25,13.537555555555556,10.481587301587302
15,2025-09-20,weekend,26,13.813444444444444,10.068846153846154
15,2025-09-20,weekend,27,16.896833333333333,11.224
15,2025-09-20,weekend,28,40.5815,34.420810810810806
15,2025-09-20,weekend,29,396.4633333333333,188.89357142857142
15,2025-09-20,weekend,30,654.9079444444444,304.22133333333335
15,2025-09-20,weekend,31,737.1262777777779,465.8004469273743
15,2025-09-20,weekend,32,788.5931111111112,705.3750675675675
15,2025-09-20,weekend,33,828.3798888888889,721.8885294117647
15,2025-09-20,weekend,34,798.579888888889,726.0552571428572
15,2025-09-20,weekend,35,802.0071666666668,726.9005
15,2025-09-20,weekend,36,845.5268333333332,765.3344666666667
15,2025-09-20,weekend,37,858.183,758.3796629213482
15,2025-09-20,weekend,38,880.6946666666668,786.5022598870056
15,2025-09-20,weekend,39,871.7071111111111,784.5717514124294
15,2025-09-20,weekend,40,848.0305555555556,753.3287078651686
15,2025-09-20,weekend,41,892.4268888888889,815.3597191011236
15,2025-09-20,weekend,42,917.1422222222222,824.3434078212291
15,2025-09-20,weekend,43,992.876,893.7658522727273
15,2025-09-20,weekend,44,983.9926666666667,886.4559322033899
15,2025-09-20,weekend,45,1033.3227222222222,784.2888826815642
15,2025-09-20,weekend,46,1009.5045,464.09629870129874
15,2025-09-20,weekend,47,978.3114444444444,561.0581325301205
15,2025-09-20,weekend,48,818.4737222222221,680.1109770114942
15,2025-09-20,weekend,49,760.4855555555555,581.8861494252874
15,2025-09-20,weekend,50,791.9731111111112,707.4873888888889
15,2025-09-20,weekend,51,819.7249444444444,728.5471666666666
15,2025-09-20,weekend,52,819.795888888889,423.93082840236684
15,2025-09-20,weekend,53,826.6534444444444,731.6659171597632
15,2025-09-20,weekend,54,916.428888888889,515.5882530120482
15,2025-09-20,weekend,55,938.0781111111111,635.2882634730539
15,2025-09-20,weekend,56,942.0717222222222,844.8237671232877
15,2025-09-20,weekend,57,965.3721111111112,870.746746031746
15,2025-09-20,weekend,58,910.0617222222221,789.2001190476191
15,2025-09-20,weekend,59,839.0778888888889,767.7444339622642
15,2025-09-20,weekend,60,804.9521111111111,673.6299230769231
15,2025-09-20,weekend,61,798.1670555555556,495.7484662576687
15,2025-09-20,weekend,62,705.2613333333333,473.7191304347826
15,2025-09-20,weekend,63,392.40077777777776,270.67890173410404
15,2025-09-20,weekend,64,23.470499999999998,20.388283582089553
15,2025-09-20,weekend,65,17.57161111111111,14.025217391304349
15,2025-09-20,weekend,66,18.98938888888889,15.315470085470086
15,2025-09-20,weekend,67,17.791666666666668,18.36625
15,2025-09-20,weekend,68,15.591666666666667,11.957702702702703
15,2025-09-20,weekend,69,16.776,12.883365384615384
15,2025-09-20,weekend,70,15.786666666666665,12.379577464788733
15,2025-09-20,weekend,71,16.319666666666667,5.2249132947976875
15,2025-09-20,weekend,72,17.263222222222222,0.12628571428571428
15,2025-09-20,weekend,73,19.52322222222222,0.0
15,2025-09-20,weekend,74,18.515,0.0
15,2025-09-20,weekend,75,19.609666666666666,0.0
15,2025-09-20,weekend,76,20.055611111111112,0.0
15,2025-09-20,weekend,77,18.01361111111111,0.0
15,2025-09-20,weekend,78,18.950777777777777,0.0
15,2025-09-20,weekend,79,18.64188888888889,0.0
15,2025-09-20,weekend,80,19.196166666666667,0.0
15,2025-09-20,weekend,81,18.15211111111111,0.0
15,2025-09-20,weekend,82,19.730500000000003,0.0
15,2025-09-20,weekend,83,20.151555555555557,0.0
15,2025-09-20,weekend,84,16.68477777777778,0.0
15,2025-09-20,weekend,85,18.86088888888889,0.0
15,2025-09-20,weekend,86,19.317333333333334,0.0
15,2025-09-20,weekend,87,19.326777777777778,0.0
15,2025-09-20,weekend,88,18.72988888888889,0.0
15,2025-09-20,weekend,89,20.335,0.0
15,2025-09-20,weekend,90,21.208333333333332,0.0
15,2025-09-20,weekend,91,19.23261111111111,0.0
15,2025-09-20,weekend,92,17.24705555555556,0.0
15,2025-09-20,weekend,93,19.258833333333335,0.0
15,2025-09-20,weekend,94,19.288666666666668,0.0
15,2025-09-20,weekend,95,19.50472222222222,0.0
16,2025-09-21,weekend,0,18.466459627329193,0.0
16,2025-09-21,weekend,1,19.426,0.0
16,2025-09-21,weekend,2,19.0325,0.0
16,2025-09-21,weekend,3,16.582222222222224,0.0
16,2025-09-21,weekend,4,17.893222222222224,0.0
16,2025-09-21,weekend,5,18.88266666666667,0.0
16,2025-09-21,weekend,6,19.85411111111111,0.0
16,2025-09-21,weekend,7,19.083388888888887,0.0
16,2025-09-21,weekend,8,18.938111111111112,0.0
16,2025-09-21,weekend,9,19.84777777777778,0.0
16,2025-09-21,weekend,10,20.0975,0.0
16,2025-09-21,weekend,11,18.1165,0.0
16,2025-09-21,weekend,12,19.068333333333335,0.0
16,2025-09-21,weekend,13,19.532333333333334,0.0
16,2025-09-21,weekend,14,16.096444444444444,0.0
16,2025-09-21,weekend,15,16.456944444444446,0.0
16,2025-09-21,weekend,16,19.923444444444442,0.0
16,2025-09-21,weekend,17,18.7375,0.0
16,2025-09-21,weekend,18,17.91211111111111,0.0
16,2025-09-21,weekend,19,17.76211111111111,0.0
16,2025-09-21,weekend,20,17.1825,0.0
16,2025-09-21,weekend,21,13.549111111111111,0.0
16,2025-09-21,weekend,22,11.587722222222222,0.5185000000000001
16,2025-09-21,weekend,23,13.325888888888889,7.337605633802817
16,2025-09-21,weekend,24,12.886722222222224,10.774629629629631
16,2025-09-21,weekend,25,10.955666666666666,7.468320610687023
16,2025-09-21,weekend,26,11.499666666666666,8.41798319327731
16,2025-09-21,weekend,27,9.612444444444444,7.8132631578947365
16,2025-09-21,weekend,28,14.934309392265193,10.515172413793103
16,2025-09-21,weekend,29,17.573944444444443,13.87828125
16,2025-09-21,weekend,30,17.58094972067039,15.395263157894737
16,2025-09-21,weekend,31,15.421104972375689,11.639661016949153
16,2025-09-21,weekend,32,14.286555555555555,10.5108
16,2025-09-21,weekend,33,16.153277777777777,13.855714285714285
16,2025-09-21,weekend,34,16.1815,13.850985915492958
16,2025-09-21,weekend,35,16.360777777777777,13.854117647058823
16,2025-09-21,weekend,36,17.103296089385474,13.85632183908046
16,2025-09-21,weekend,37,16.290607734806628,13.85247619047619
16,2025-09-21,weekend,38,16.057055555555557,13.854756097560974
16,2025-09-21,weekend,39,17.3168156424581,14.14116883116883
16,2025-09-21,weekend,40,17.195193370165747,13.30657894736842
16,2025-09-21,weekend,41,18.12536312849162,14.450759493670887
16,2025-09-21,weekend,42,18.349060773480662,15.398985507246376
16,2025-09-21,weekend,43,17.74838888888889,15.395529411764707
16,2025-09-21,weekend,44,18.011666666666667,15.387464788732395
16,2025-09-21,weekend,45,18.28861111111111,15.396338028169016
16,2025-09-21,weekend,46,17.798944444444444,15.388470588235293
16,2025-09-21,weekend,47,17.517833333333332,15.394923076923078
16,2025-09-21,weekend,48,15.066388888888888,11.521971830985915
16,2025-09-21,weekend,49,15.713798882681564,13.653529411764705
16,2025-09-21,weekend,50,16.52060773480663,13.85391304347826
16,2025-09-21,weekend,51,15.441944444444445,13.857857142857142
16,2025-09-21,weekend,52,16.45122222222222,13.853636363636365
16,2025-09-21,weekend,53,16.433277777777775,13.846666666666666
16,2025-09-21,weekend,54,17.424444444444443,14.206666666666665
16,2025-09-21,weekend,55,17.937444444444445,15.392105263157895
16,2025-09-21,weekend,56,18.800944444444443,15.3936
16,2025-09-21,weekend,57,18.456333333333333,15.395287356321841
16,2025-09-21,weekend,58,19.726555555555557,16.307164179104475
16,2025-09-21,weekend,59,20.173111111111112,14.728297872340425
16,2025-09-21,weekend,60,16.05262569832402,13.855571428571428
16,2025-09-21,weekend,61,14.250055248618786,11.066907216494846
16,2025-09-21,weekend,62,11.885444444444445,9.235862068965519
16,2025-09-21,weekend,63,14.376055555555556,10.556082474226805
16,2025-09-21,weekend,64,15.964,12.313653846153848
16,2025-09-21,weekend,65,16.010166666666667,12.316760563380281
16,2025-09-21,weekend,66,15.535499999999999,12.31557894736842
16,2025-09-21,weekend,67,14.586666666666666,12.311264367816092
16,2025-09-21,weekend,68,15.196666666666667,12.311627906976744
16,2025-09-21,weekend,69,15.724,12.308955223880597
16,2025-09-21,weekend,70,13.143333333333334,12.313333333333334
16,2025-09-21,weekend,71,14.305833333333334,7.236727272727272
16,2025-09-21,weekend,72,16.247777777777777,0.0
16,2025-09-21,weekend,73,17.195055555555555,0.0
16,2025-09-21,weekend,74,18.521055555555556,0.0
16,2025-09-21,weekend,75,16.868222222222222,0.0
16,2025-09-21,weekend,76,17.802,0.0
16,2025-09-21,weekend,77,18.085333333333335,0.0
16,2025-09-21,weekend,78,17.566944444444445,0.0
16,2025-09-21,weekend,79,17.343055555555555,0.0
16,2025-09-21,weekend,80,17.11188888888889,0.0
16,2025-09-21,weekend,81,18.723128491620113,0.0
16,2025-09-21,weekend,82,17.911657458563536,0.0
16,2025-09-21,weekend,83,17.13361111111111,0.0
16,2025-09-21,weekend,84,18.807111111111112,0.0
16,2025-09-21,weekend,85,17.93427777777778,0.0
16,2025-09-21,weekend,86,19.666277777777776,0.0
16,2025-09-21,weekend,87,18.932222222222222,0.0
16,2025-09-21,weekend,88,17.7655,0.0
16,2025-09-21,weekend,89,21.069,0.0
16,2025-09-21,weekend,90,18.673277777777777,0.0
16,2025-09-21,weekend,91,18.519555555555556,0.0
16,2025-09-21,weekend,92,20.12516666666667,0.0
16,2025-09-21,weekend,93,19.296166666666668,0.0
16,2025-09-21,weekend,94,18.853555555555555,0.0
16,2025-09-21,weekend,95,20.22961111111111,0.0
17,2025-09-22,working,0,19.7336875,0.0
17,2025-09-22,working,1,17.693222222222225,0.0
17,2025-09-22,working,2,17.617888888888892,0.0
17,2025-09-22,working,3,19.492444444444445,0.0
17,2025-09-22,working,4,20.0385,0.0
17,2025-09-22,working,5,20.51361111111111,0.0
17,2025-09-22,working,6,18.2375,0.0
17,2025-09-22,working,7,16.110222222222223,0.0
17,2025-09-22,working,8,20.265944444444443,0.0
17,2025-09-22,working,9,20.824,0.0
17,2025-09-22,working,10,20.296499999999998,0.0
17,2025-09-22,working,11,22.988222222222223,0.0
17,2025-09-22,working,12,20.970444444444443,0.0
17,2025-09-22,working,13,17.858555555555554,0.0
17,2025-09-22,working,14,19.982375690607736,0.0
17,2025-09-22,working,15,16.901055555555555,0.0
17,2025-09-22,working,16,17.29614525139665,0.0
17,2025-09-22,working,17,16.855166666666666,0.0
17,2025-09-22,working,18,14.467679558011051,0.0
17,2025-09-22,working,19,18.01011111111111,0.0
17,2025-09-22,working,20,18.392122905027932,0.0
17,2025-09-22,working,21,15.535856353591159,0.0
17,2025-09-22,working,22,11.501722222222222,0.0
17,2025-09-22,working,23,10.74608938547486,0.49027777777777776
17,2025-09-22,working,24,11.045635359116021,5.643728813559322
17,2025-09-22,working,25,11.486555555555555,7.693007518796992
17,2025-09-22,working,26,12.522611111111113,8.68389705882353
17,2025-09-22,working,27,15.883519553072626,11.861971830985917
17,2025-09-22,working,28,25.519558011049725,20.654
17,2025-09-22,working,29,358.9257777777778,220.66730263157896
17,2025-09-22,working,30,638.4826666666667,311.6523357664234
17,2025-09-22,working,31,690.4197222222223,373.513381294964
17,2025-09-22,working,32,754.7206111111111,356.67870748299316
17,2025-09-22,working,33,770.8826666666666,377.5536690647482
17,2025-09-22,working,34,715.9277222222222,384.4825
17,2025-09-22,working,35,706.3912222222223,377.12072727272727
17,2025-09-22,working,36,755.6495555555556,450.27557046979865
17,2025-09-22,working,37,757.4663687150838,473.00525
17,2025-09-22,working,38,752.490888888889,479.13563380281687
17,2025-09-22,working,39,753.9854696132596,530.6566956521739
17,2025-09-22,working,40,706.1769444444445,604.4434193548387
17,2025-09-22,working,41,717.3500555555555,652.8239072847682
17,2025-09-22,working,42,719.9842222222222,655.0233898305084
17,2025-09-22,working,43,722.9510555555555,608.3729050279329
17,2025-09-22,working,44,808.9461666666666,519.7348648648648
17,2025-09-22,working,45,834.8171666666666,575.9068152866241
17,2025-09-22,working,46,857.6955555555556,485.23023255813956
17,2025-09-22,working,47,851.1968888888889,722.4083240223464
17,2025-09-22,working,48,633.0026666666666,581.4709195402299
17,2025-09-22,working,49,661.8706666666667,586.7203529411765
17,2025-09-22,working,50,703.1734444444445,589.8592307692309
17,2025-09-22,working,51,712.1600555555556,638.0303351955307
17,2025-09-22,working,52,716.6326666666666,655.6900558659219
17,2025-09-22,working,53,732.3480000000001,657.2957458563536
17,2025-09-22,working,54,785.2537777777777,683.7990607734807
17,2025-09-22,working,55,850.7436111111111,735.9757458563536
17,2025-09-22,working,56,874.1152222222222,742.0541899441341
17,2025-09-22,working,57,866.9970555555556,528.1902272727273
17,2025-09-22,working,58,879.3555555555556,695.9988333333333
17,2025-09-22,working,59,865.9395555555556,703.7310404624277
17,2025-09-22,working,60,790.1431666666666,541.6868571428571
17,2025-09-22,working,61,804.3318333333334,427.4806896551724
17,2025-09-22,working,62,798.3695,406.9042857142857
17,2025-09-22,working,63,790.949888888889,219.1722463768116
17,2025-09-22,working,64,771.5355555555556,171.46751773049644
17,2025-09-22,working,65,729.8945000000001,167.7912837837838
17,2025-09-22,working,66,579.9490555555556,195.77710743801651
17,2025-09-22,working,67,300.85766666666666,134.5475796178344
17,2025-09-22,working,68,22.80022222222222,18.367934782608696
17,2025-09-22,working,69,17.224055555555555,14.203076923076923
17,2025-09-22,working,70,14.805944444444446,11.108367346938774
17,2025-09-22,working,71,16.96977777777778,3.3039130434782606
17,2025-09-22,working,72,16.902,0.08
17,2025-09-22,working,73,17.86116666666667,0.0
17,2025-09-22,working,74,18.297277777777776,0.0
17,2025-09-22,working,75,18.616444444444443,0.0
17,2025-09-22,working,76,19.233833333333333,0.0
17,2025-09-22,working,77,15.9235,0.0
17,2025-09-22,working,78,17.108166666666666,0.0
17,2025-09-22,working,79,18.813666666666666,0.0
17,2025-09-22,working,80,18.85,0.0
17,2025-09-22,working,81,18.282666666666668,0.0
17,2025-09-22,working,82,19.59883333333333,0.0
17,2025-09-22,working,83,19.512777777777778,0.0
17,2025-09-22,working,84,17.11116666666667,0.0
17,2025-09-22,working,85,16.034333333333333,0.0
17,2025-09-22,working,86,15.608888888888888,0.0
17,2025-09-22,working,87,17.419944444444447,0.0
17,2025-09-22,working,88,16.281444444444443,0.0
17,2025-09-22,working,89,14.98711111111111,0.0
17,2025-09-22,working,90,16.903944444444445,0.0
17,2025-09-22,working,91,16.606055555555557,0.0
17,2025-09-22,working,92,16.435555555555556,0.0
17,2025-09-22,working,93,17.662277777777778,0.0
17,2025-09-22,working,94,17.63738888888889,0.0
17,2025-09-22,working,95,17.313111111111112,0.0
18,2025-09-23,working,0,14.717391304347826,0.0
18,2025-09-23,working,1,15.065888888888889,0.0
18,2025-09-23,working,2,17.588833333333334,0.0
18,2025-09-23,working,3,16.305777777777777,0.0
18,2025-09-23,working,4,15.67011111111111,0.0
18,2025-09-23,working,5,14.505222222222223,0.0
18,2025-09-23,working,6,15.633277777777776,0.0
18,2025-09-23,working,7,18.162055555555558,0.0
18,2025-09-23,working,8,15.590333333333335,0.0
18,2025-09-23,working,9,16.722166666666666,0.0
18,2025-09-23,working,10,17.69511111111111,0.0
18,2025-09-23,working,11,17.946166666666667,0.0
18,2025-09-23,working,12,16.241055555555555,0.0
18,2025-09-23,working,13,16.841444444444445,0.0
18,2025-09-23,working,14,17.022,0.0
18,2025-09-23,working,15,17.352555555555554,0.0
18,2025-09-23,working,16,17.48688888888889,0.0
18,2025-09-23,working,17,17.878999999999998,0.0
18,2025-09-23,working,18,17.997500000000002,0.0
18,2025-09-23,working,19,18.487277777777777,0.0
18,2025-09-23,working,20,15.938388888888888,0.0
18,2025-09-23,working,21,14.719333333333333,0.0
18,2025-09-23,working,22,12.246111111111112,0.7023809523809523
18,2025-09-23,working,23,14.265611111111111,7.273306451612903
18,2025-09-23,working,24,12.381166666666667,10.7764406779661
18,2025-09-23,working,25,13.173222222222222,10.4640625
18,2025-09-23,working,26,12.84,9.411954887218045
18,2025-09-23,working,27,13.472611111111112,10.77768115942029
18,2025-09-23,working,28,24.218944444444443,20.253170731707318
18,2025-09-23,working,29,450.28677777777773,298.93373015873016
18,2025-09-23,working,30,881.0669444444444,562.1294478527608
18,2025-09-23,working,31,864.9146111111112,383.63
18,2025-09-23,working,32,804.9917777777778,476.01179856115107
18,2025-09-23,working,33,798.1736111111111,667.8248044692738
18,2025-09-23,working,34,804.6187777777778,649.584388888889
18,2025-09-23,working,35,811.8056666666666,727.2560893854749
18,2025-09-23,working,36,857.3259444444445,773.5823033707865
18,2025-09-23,working,37,884.5927777777779,790.4275418994413
18,2025-09-23,working,38,876.5004444444444,770.333202247191
18,2025-09-23,working,39,883.2467777777779,782.9075
18,2025-09-23,working,40,896.8858888888889,813.0446629213484
18,2025-09-23,working,41,902.711,750.8032768361581
18,2025-09-23,working,42,906.9428888888889,826.863595505618
18,2025-09-23,working,43,939.6433333333333,844.6913888888889
18,2025-09-23,working,44,971.4841111111111,891.748
18,2025-09-23,working,45,995.2313333333333,885.675786516854
18,2025-09-23,working,46,1000.3862222222222,628.3379096045197
18,2025-09-23,working,47,965.9370555555556,720.7232768361582
18,2025-09-23,working,48,713.7958888888888,604.2076608187134
18,2025-09-23,working,49,707.8793333333333,612.1602793296089
18,2025-09-23,working,50,748.2198333333333,648.5627777777778
18,2025-09-23,working,51,809.4472222222222,625.7060795454546
18,2025-09-23,working,52,823.3021111111111,621.9333142857143
18,2025-09-23,working,53,859.6802777777779,775.3425423728813
18,2025-09-23,working,54,967.0186111111111,858.1405555555555
18,2025-09-23,working,55,1001.2343888888889,889.724
18,2025-09-23,working,56,999.1951666666666,707.3857714285714
18,2025-09-23,working,57,1009.3840555555556,689.9568604651163
18,2025-09-23,working,58,1009.9662222222223,911.9081300813008
18,2025-09-23,working,59,935.4389444444445,863.1084285714285
18,2025-09-23,working,60,880.9716111111112,777.0332330827067
18,2025-09-23,working,61,881.3747777777777,764.9981102362204
18,2025-09-23,working,62,871.6132777777779,672.4887313432836
18,2025-09-23,working,63,856.0485000000001,517.7874842767296
18,2025-09-23,working,64,855.5181666666666,405.90846625766875
18,2025-09-23,working,65,823.7493888888889,242.22442528735633
18,2025-09-23,working,66,752.2375,129.58024390243904
18,2025-09-23,working,67,372.923,76.71470238095237
18,2025-09-23,working,68,27.706500000000002,23.096867469879516
18,2025-09-23,working,69,21.00138888888889,18.370927835051546
18,2025-09-23,working,70,16.76138888888889,6.185704697986577
18,2025-09-23,working,71,18.441722222222225,0.505421686746988
18,2025-09-23,working,72,19.250999999999998,0.0
18,2025-09-23,working,73,21.084722222222222,0.0
18,2025-09-23,working,74,20.96438888888889,0.0
18,2025-09-23,working,75,18.97438888888889,0.0
18,2025-09-23,working,76,21.528833333333335,0.0
18,2025-09-23,working,77,21.755,0.0
18,2025-09-23,working,78,20.50927777777778,0.0
18,2025-09-23,working,79,18.034388888888888,0.0
18,2025-09-23,working,80,18.671555555555557,0.0
18,2025-09-23,working,81,20.287388888888888,0.0
18,2025-09-23,working,82,21.464888888888886,0.0
18,2025-09-23,working,83,21.65488888888889,0.0
18,2025-09-23,working,84,19.421666666666667,0.0
18,2025-09-23,working,85,18.93916666666667,0.0
18,2025-09-23,working,86,18.7345,0.0
18,2025-09-23,working,87,17.56861111111111,0.0
18,2025-09-23,working,88,17.40411111111111,0.0
18,2025-09-23,working,89,20.428,0.0
18,2025-09-23,working,90,20.680055555555555,0.0
18,2025-09-23,working,91,17.20138888888889,0.0
18,2025-09-23,working,92,16.769944444444445,0.0
18,2025-09-23,working,93,19.50838888888889,0.0
18,2025-09-23,working,94,18.2375,0.0
18,2025-09-23,working,95,16.644944444444445,0.0
19,2025-09-24,working,0,18.394658385093166,0.0
19,2025-09-24,working,1,19.15061111111111,0.0
19,2025-09-24,working,2,17.851444444444446,0.0
19,2025-09-24,working,3,17.93888888888889,0.0
19,2025-09-24,working,4,17.085277777777776,0.0
19,2025-09-24,working,5,17.711722222222225,0.0
19,2025-09-24,working,6,18.7805,0.0
19,2025-09-24,working,7,19.768166666666666,0.0
19,2025-09-24,working,8,19.930833333333336,0.0
19,2025-09-24,working,9,18.296388888888888,0.0
19,2025-09-24,working,10,17.105833333333333,0.0
19,2025-09-24,working,11,17.913444444444444,0.0
19,2025-09-24,working,12,18.516333333333332,0.0
19,2025-09-24,working,13,17.530666666666665,0.0
19,2025-09-24,working,14,17.99838888888889,0.0
19,2025-09-24,working,15,17.724555555555558,0.0
19,2025-09-24,working,16,19.731055555555557,0.0
19,2025-09-24,working,17,19.944833333333335,0.0
19,2025-09-24,working,18,18.810444444444446,0.0
19,2025-09-24,working,19,17.337611111111112,0.0
19,2025-09-24,working,20,15.582444444444445,0.0
19,2025-09-24,working,21,12.556444444444443,0.0
19,2025-09-24,working,22,13.418777777777779,0.44777777777777783
19,2025-09-24,working,23,14.105666666666666,7.278409090909091
19,2025-09-24,working,24,13.480222222222222,10.800298507462687
19,2025-09-24,working,25,13.318277777777778,10.799696969696969
19,2025-09-24,working,26,12.217500000000001,8.29349593495935
19,2025-09-24,working,27,15.55938888888889,11.294148936170213
19,2025-09-24,working,28,50.095888888888894,43.54727272727273
19,2025-09-24,working,29,419.57561111111113,186.43438848920863
19,2025-09-24,working,30,759.4343333333333,365.3705747126437
19,2025-09-24,working,31,834.2223888888889,292.59343195266274
19,2025-09-24,working,32,880.0297222222223,541.744034090909
19,2025-09-24,working,33,879.6101666666666,816.5546308724832
19,2025-09-24,working,34,857.5952222222223,794.3093181818182
19,2025-09-24,working,35,854.3705,744.7649723756906
19,2025-09-24,working,36,893.8623333333334,804.2161666666667
19,2025-09-24,working,37,883.7502777777777,780.5931491712706
19,2025-09-24,working,38,894.7522222222221,757.8422346368716
19,2025-09-24,working,39,885.4817222222222,724.7383977900552
19,2025-09-24,working,40,853.9367222222221,657.1532222222222
19,2025-09-24,working,41,906.5386111111112,740.4934999999999
19,2025-09-24,working,42,931.9943888888888,768.1795505617977
19,2025-09-24,working,43,935.405,825.125
19,2025-09-24,working,44,942.7400555555555,740.5811299435028
19,2025-09-24,working,45,1004.5710555555556,917.5077966101695
19,2025-09-24,working,46,1004.7313333333334,868.3738547486034
19,2025-09-24,working,47,978.4611666666667,799.1119889502762
19,2025-09-24,working,48,720.2606111111111,630.4305617977528
19,2025-09-24,working,49,713.0413888888888,635.2810112359551
19,2025-09-24,working,50,740.9777777777778,663.4211666666666
19,2025-09-24,working,51,787.1002777777777,651.7687222222222
19,2025-09-24,working,52,827.0910555555555,728.6452486187845
19,2025-09-24,working,53,837.7917222222222,746.220790960452
19,2025-09-24,working,54,910.9883333333333,792.2369662921348
19,2025-09-24,working,55,986.5826666666667,775.5552272727273
19,2025-09-24,working,56,963.4394444444445,868.595617977528
19,2025-09-24,working,57,982.1691666666667,746.371
19,2025-09-24,working,58,969.1642777777778,396.17499999999995
19,2025-09-24,working,59,936.4176111111112,583.6913714285714
19,2025-09-24,working,60,855.2695000000001,236.4076129032258
19,2025-09-24,working,61,803.9352777777779,205.9891935483871
19,2025-09-24,working,62,798.1321666666668,180.59005882352943
19,2025-09-24,working,63,786.1069444444445,178.25818750000002
19,2025-09-24,working,64,746.0240555555555,209.4740476190476
19,2025-09-24,working,65,738.0545,263.7563529411765
19,2025-09-24,working,66,645.5334444444445,243.1674269005848
19,2025-09-24,working,67,361.77549999999997,140.91352201257862
19,2025-09-24,working,68,35.63122222222222,27.968461538461536
19,2025-09-24,working,69,27.48183333333333,22.82363636363636
19,2025-09-24,working,70,23.320555555555554,16.71495652173913
19,2025-09-24,working,71,16.999277777777777,4.754057142857143
19,2025-09-24,working,72,17.572055555555554,0.02666666666666667
19,2025-09-24,working,73,19.075277777777778,0.0
19,2025-09-24,working,74,19.214333333333332,0.0
19,2025-09-24,working,75,19.69211111111111,0.0
19,2025-09-24,working,76,16.968222222222224,0.0
19,2025-09-24,working,77,15.137944444444445,0.0
19,2025-09-24,working,78,16.41061111111111,0.0
19,2025-09-24,working,79,16.243,0.0
19,2025-09-24,working,80,15.039277777777778,0.0
19,2025-09-24,working,81,17.608833333333333,0.0
19,2025-09-24,working,82,16.833333333333332,0.0
19,2025-09-24,working,83,16.39911111111111,0.0
19,2025-09-24,working,84,15.491388888888888,0.0
19,2025-09-24,working,85,15.349833333333333,0.0
19,2025-09-24,working,86,13.19111111111111,0.0
19,2025-09-24,working,87,14.45988888888889,0.0
19,2025-09-24,working,88,17.86718232044199,0.0
19,2025-09-24,working,89,17.550055865921788,0.0
19,2025-09-24,working,90,16.471444444444444,0.0
19,2025-09-24,working,91,16.654944444444443,0.0
19,2025-09-24,working,92,16.25403314917127,0.0
19,2025-09-24,working,93,16.267277777777778,0.0
19,2025-09-24,working,94,15.895474860335195,0.0
19,2025-09-24,working,95,16.953259668508288,0.0
20,2025-09-25,working,0,16.408944099378882,0.0
20,2025-09-25,working,1,16.50472222222222,0.0
20,2025-09-25,working,2,14.801833333333333,0.0
20,2025-09-25,working,3,12.650055555555557,0.0
20,2025-09-25,working,4,14.589,0.0
20,2025-09-25,working,5,14.46261111111111,0.0
20,2025-09-25,working,6,15.436111111111112,0.0
20,2025-09-25,working,7,15.207555555555556,0.0
20,2025-09-25,working,8,13.353555555555555,0.0
20,2025-09-25,working,9,14.706888888888887,0.0
20,2025-09-25,working,10,16.202277777777777,0.0
20,2025-09-25,working,11,16.91488888888889,0.0
20,2025-09-25,working,12,15.106722222222222,0.0
20,2025-09-25,working,13,13.095555555555555,0.0
20,2025-09-25,working,14,12.859833333333333,0.0
20,2025-09-25,working,15,12.594333333333333,0.0
20,2025-09-25,working,16,15.368547486033519,0.0
20,2025-09-25,working,17,17.538666666666668,0.0
20,2025-09-25,working,18,13.667611111111112,0.0
20,2025-09-25,working,19,13.387944444444445,0.0
20,2025-09-25,working,20,12.430166666666667,0.0
20,2025-09-25,working,21,12.157444444444446,0.0
20,2025-09-25,working,22,10.707,0.0
20,2025-09-25,working,23,10.014666666666667,2.4980740740740743
20,2025-09-25,working,24,10.976222222222223,7.403409090909091
20,2025-09-25,working,25,10.596222222222222,7.694296875
20,2025-09-25,working,26,10.69261111111111,7.702965517241379
20,2025-09-25,working,27,10.451722222222221,8.21125
20,2025-09-25,working,28,21.650944444444445,16.4134
20,2025-09-25,working,29,379.33444444444444,79.10993103448276
20,2025-09-25,working,30,719.2997222222222,104.47315068493151
20,2025-09-25,working,31,741.2067222222222,109.02506578947369
20,2025-09-25,working,32,730.1583333333333,134.76612500000002
20,2025-09-25,working,33,687.6196666666666,230.4737426900585
20,2025-09-25,working,34,642.1727222222222,312.9420754716981
20,2025-09-25,working,35,636.9181666666667,222.05122807017545
20,2025-09-25,working,36,653.9868888888889,253.35386363636363
20,2025-09-25,working,37,684.8925555555555,280.17125000000004
20,2025-09-25,working,38,667.0386111111111,350.7845569620253
20,2025-09-25,working,39,660.4828888888889,526.74712
20,2025-09-25,working,40,621.6770555555555,548.6775568181819
20,2025-09-25,working,41,670.4878333333334,499.36577922077925
20,2025-09-25,working,42,714.6738333333333,631.3174269005848
20,2025-09-25,working,43,709.8342777777777,587.770923076923
20,2025-09-25,working,44,713.9515555555555,482.9756462585034
20,2025-09-25,working,45,748.1062222222222,406.47974683544305
20,2025-09-25,working,46,714.4214999999999,319.88406779661017
20,2025-09-25,working,47,706.4994444444444,366.23337142857144
20,2025-09-25,working,48,500.1042777777778,442.8694382022472
20,2025-09-25,working,49,513.617611111111,446.16641509433964
20,2025-09-25,working,50,515.305111111111,458.79787500000003
20,2025-09-25,working,51,558.5388333333334,429.567012195122
20,2025-09-25,working,52,573.4357777777778,331.0759064327486
20,2025-09-25,working,53,581.1219444444445,451.82521428571425
20,2025-09-25,working,54,644.9371666666667,451.3658064516129
20,2025-09-25,working,55,682.2332222222223,319.05615384615385
20,2025-09-25,working,56,689.8256111111111,246.94189873417722
20,2025-09-25,working,57,695.9342222222223,260.10014814814815
20,2025-09-25,working,58,681.0803888888889,281.466524822695
20,2025-09-25,working,59,606.8932222222222,290.7385401459854
20,2025-09-25,working,60,541.0609444444444,254.12786163522014
20,2025-09-25,working,61,551.5199444444444,286.5531125827814
20,2025-09-25,working,62,572.1451111111111,287.56241666666665
20,2025-09-25,working,63,580.9806111111111,251.7786875
20,2025-09-25,working,64,585.2664444444445,168.69602564102564
20,2025-09-25,working,65,569.1812222222222,168.04703488372093
20,2025-09-25,working,66,461.4863888888889,130.8824183006536
20,2025-09-25,working,67,236.61322222222222,67.21604166666667
20,2025-09-25,working,68,20.426222222222222,16.356265060240965
20,2025-09-25,working,69,15.648444444444443,11.826612903225806
20,2025-09-25,working,70,14.775500000000001,7.581052631578947
20,2025-09-25,working,71,17.83111111111111,0.6784210526315789
20,2025-09-25,working,72,15.698833333333333,0.0
20,2025-09-25,working,73,15.11127777777778,0.0
20,2025-09-25,working,74,14.698444444444444,0.0
20,2025-09-25,working,75,15.50761111111111,0.0
20,2025-09-25,working,76,16.8835,0.0
20,2025-09-25,working,77,13.459555555555555,0.0
20,2025-09-25,working,78,12.94822222222222,0.0
20,2025-09-25,working,79,16.009777777777778,0.0
20,2025-09-25,working,80,15.489555555555555,0.0
20,2025-09-25,working,81,13.945722222222223,0.0
20,2025-09-25,working,82,13.602666666666666,0.0
20,2025-09-25,working,83,14.414722222222222,0.0
20,2025-09-25,working,84,14.30988888888889,0.0
20,2025-09-25,working,85,11.389,0.0
20,2025-09-25,working,86,13.67361111111111,0.0
20,2025-09-25,working,87,13.818777777777779,0.0
20,2025-09-25,working,88,14.447722222222223,0.0
20,2025-09-25,working,89,16.156888888888886,0.0
20,2025-09-25,working,90,20.118388888888887,0.0
20,2025-09-25,working,91,16.8605,0.0
20,2025-09-25,working,92,15.474222222222222,0.0
20,2025-09-25,working,93,13.80111111111111,0.0
20,2025-09-25,working,94,14.483500000000001,0.0
20,2025-09-25,working,95,14.189055555555557,0.0
21,2025-09-26,working,0,13.293333333333333,0.0
21,2025-09-26,working,1,13.516222222222222,0.0
21,2025-09-26,working,2,13.669777777777778,0.0
21,2025-09-26,working,3,14.754722222222222,0.0
21,2025-09-26,working,4,14.649388888888888,0.0
21,2025-09-26,working,5,11.713944444444445,0.0
21,2025-09-26,working,6,12.279666666666667,0.0
21,2025-09-26,working,7,14.719944444444446,0.0
21,2025-09-26,working,8,15.045333333333332,0.0
21,2025-09-26,working,9,14.619333333333334,0.0
21,2025-09-26,working,10,12.987333333333332,0.0
21,2025-09-26,working,11,12.749666666666666,0.0
21,2025-09-26,working,12,12.513388888888889,0.0
21,2025-09-26,working,13,11.715,0.0
21,2025-09-26,working,14,10.696666666666667,0.0
21,2025-09-26,working,15,13.313222222222223,0.0
21,2025-09-26,working,16,13.912722222222222,0.0
21,2025-09-26,working,17,14.195888888888888,0.0
21,2025-09-26,working,18,12.426055555555555,0.0
21,2025-09-26,working,19,10.992333333333335,0.0
21,2025-09-26,working,20,12.03488888888889,0.0
21,2025-09-26,working,21,13.005444444444445,0.0
21,2025-09-26,working,22,8.348666666666666,0.0
21,2025-09-26,working,23,8.338666666666667,2.2970469798657716
21,2025-09-26,working,24,8.843388888888889,6.2737647058823525
21,2025-09-26,working,25,9.098055555555556,5.141172413793104
21,2025-09-26,working,26,10.31011111111111,6.75589928057554
21,2025-09-26,working,27,12.149444444444445,8.64342857142857
21,2025-09-26,working,28,36.42433333333334,25.11413043478261
21,2025-09-26,working,29,377.8377777777778,144.1235593220339
21,2025-09-26,working,30,589.5943333333333,176.63507246376813
21,2025-09-26,working,31,680.4185,128.02564705882352
21,2025-09-26,working,32,665.1025,196.5625
21,2025-09-26,working,33,624.7910555555555,255.3888188976378
21,2025-09-26,working,34,612.51,320.6973825503356
21,2025-09-26,working,35,634.1532222222222,462.4344785276074
21,2025-09-26,working,36,667.8632777777777,354.5301898734177
21,2025-09-26,working,37,650.6487777777778,367.4256050955414
21,2025-09-26,working,38,665.9453888888888,581.8007602339181
21,2025-09-26,working,39,672.0414444444444,520.5538461538462
21,2025-09-26,working,40,660.2074444444444,547.4040336134454
21,2025-09-26,working,41,684.8316666666667,612.0023611111111
21,2025-09-26,working,42,689.8863333333333,479.1484375
21,2025-09-26,working,43,743.3695,442.60318181818184
21,2025-09-26,working,44,744.2238333333333,656.878125
21,2025-09-26,working,45,781.1582222222223,620.5051149425287
21,2025-09-26,working,46,786.0651666666668,573.2099999999999
21,2025-09-26,working,47,808.0032777777777,714.0806626506024
21,2025-09-26,working,48,579.2591111111111,519.2613966480446
21,2025-09-26,working,49,528.1713888888889,466.99460227272726
21,2025-09-26,working,50,581.6513888888888,357.7594674556213
21,2025-09-26,working,51,631.9695555555555,352.14090909090913
21,2025-09-26,working,52,649.4347777777778,181.72115853658536
21,2025-09-26,working,53,652.3566666666667,425.3639428571429
21,2025-09-26,working,54,673.1495,328.75529032258066
21,2025-09-26,working,55,715.3398333333333,542.8814705882353
21,2025-09-26,working,56,731.877,314.8365644171779
21,2025-09-26,working,57,732.6058888888889,141.43203592814373
21,2025-09-26,working,58,743.8776111111112,134.2203086419753
21,2025-09-26,working,59,655.8682222222222,235.56709677419354
21,2025-09-26,working,60,613.2954444444445,243.5008888888889
21,2025-09-26,working,61,619.8470555555556,166.22045977011496
21,2025-09-26,working,62,603.0025555555555,217.3488957055215
21,2025-09-26,working,63,597.6051111111111,306.0081176470588
21,2025-09-26,working,64,599.0932777777778,255.71488636363637
21,2025-09-26,working,65,601.5168333333334,60.39677777777778
21,2025-09-26,working,66,517.5095,42.8312582781457
21,2025-09-26,working,67,261.01155555555556,29.411939393939395
21,2025-09-26,working,68,15.303333333333333,11.22864406779661
21,2025-09-26,working,69,15.083722222222223,9.229040000000001
21,2025-09-26,working,70,18.063055555555554,2.111242236024845
21,2025-09-26,working,71,18.04438888888889,0.072
21,2025-09-26,working,72,17.78933333333333,0.0
21,2025-09-26,working,73,20.261166666666668,0.0
21,2025-09-26,working,74,18.205833333333334,0.0
21,2025-09-26,working,75,17.338333333333335,0.0
21,2025-09-26,working,76,18.477833333333333,0.0
21,2025-09-26,working,77,16.77011111111111,0.0
21,2025-09-26,working,78,17.523444444444443,0.0
21,2025-09-26,working,79,19.05411111111111,0.0
21,2025-09-26,working,80,18.241666666666667,0.0
21,2025-09-26,working,81,18.415944444444445,0.0
21,2025-09-26,working,82,18.724333333333334,0.0
21,2025-09-26,working,83,18.124777777777776,0.0
21,2025-09-26,working,84,17.487,0.0
21,2025-09-26,working,85,17.052055555555555,0.0
21,2025-09-26,working,86,16.648611111111112,0.0
21,2025-09-26,working,87,17.046944444444442,0.0
21,2025-09-26,working,88,14.997333333333334,0.0
21,2025-09-26,working,89,16.43761111111111,0.0
21,2025-09-26,working,90,18.031222222222222,0.0
21,2025-09-26,working,91,17.46088888888889,0.0
21,2025-09-26,working,92,16.16572222222222,0.0
21,2025-09-26,working,93,16.23611111111111,0.0
21,2025-09-26,working,94,17.170555555555556,0.0
21,2025-09-26,working,95,17.735944444444446,0.0
22,2025-09-27,weekend,0,15.930628930817608,0.0
22,2025-09-27,weekend,1,14.461611111111113,0.0
22,2025-09-27,weekend,2,15.387444444444442,0.0
22,2025-09-27,weekend,3,16.846888888888888,0.0
22,2025-09-27,weekend,4,16.39511111111111,0.0
22,2025-09-27,weekend,5,14.205,0.0
22,2025-09-27,weekend,6,17.405055555555556,0.0
22,2025-09-27,weekend,7,17.422,0.0
22,2025-09-27,weekend,8,16.5675,0.0
22,2025-09-27,weekend,9,17.252055555555554,0.0
22,2025-09-27,weekend,10,18.47427777777778,0.0
22,2025-09-27,weekend,11,16.5915,0.0
22,2025-09-27,weekend,12,15.787722222222222,0.0
22,2025-09-27,weekend,13,18.19061111111111,0.0
22,2025-09-27,weekend,14,16.464666666666666,0.0
22,2025-09-27,weekend,15,14.151055555555557,0.0
22,2025-09-27,weekend,16,15.416722222222223,0.0
22,2025-09-27,weekend,17,17.47072222222222,0.0
22,2025-09-27,weekend,18,16.37183333333333,0.0
22,2025-09-27,weekend,19,15.570388888888889,0.0
22,2025-09-27,weekend,20,14.996777777777778,0.0
22,2025-09-27,weekend,21,13.596000000000002,0.0
22,2025-09-27,weekend,22,10.618166666666667,0.32
22,2025-09-27,weekend,23,12.546388888888888,7.386131386861313
22,2025-09-27,weekend,24,11.839166666666667,8.092212389380531
22,2025-09-27,weekend,25,14.258500000000002,12.279558823529412
22,2025-09-27,weekend,26,11.838777777777779,8.841020408163265
22,2025-09-27,weekend,27,13.366166666666667,11.852479338842976
22,2025-09-27,weekend,28,17.98827777777778,13.717166666666666
22,2025-09-27,weekend,29,314.86061111111115,208.00473372781067
22,2025-09-27,weekend,30,671.6035,491.83810457516336
22,2025-09-27,weekend,31,759.6142777777778,577.9605882352942
22,2025-09-27,weekend,32,764.124,679.3477027027027
22,2025-09-27,weekend,33,747.3473888888889,671.153
22,2025-09-27,weekend,34,721.1950555555555,645.6907303370787
22,2025-09-27,weekend,35,739.6465555555556,664.9497765363128
22,2025-09-27,weekend,36,769.6501666666667,681.480782122905
22,2025-09-27,weekend,37,771.4240555555555,694.2185310734463
22,2025-09-27,weekend,38,812.0786666666667,660.4498305084745
22,2025-09-27,weekend,39,790.1175555555556,567.3283908045977
22,2025-09-27,weekend,40,739.9621666666667,498.2137078651685
22,2025-09-27,weekend,41,788.2487777777777,436.6854545454546
22,2025-09-27,weekend,42,812.5690000000001,673.7815151515151
22,2025-09-27,weekend,43,833.7218333333333,729.1022651933703
22,2025-09-27,weekend,44,846.0436666666667,744.9107222222221
22,2025-09-27,weekend,45,887.9912777777778,656.1564245810056
22,2025-09-27,weekend,46,894.3902777777778,620.1791428571429
22,2025-09-27,weekend,47,895.9056111111112,613.753567251462
22,2025-09-27,weekend,48,717.4438333333334,603.3755113636363
22,2025-09-27,weekend,49,677.0031111111111,610.5991061452514
22,2025-09-27,weekend,50,704.0621666666667,621.939604519774
22,2025-09-27,weekend,51,723.3302777777777,481.51593220338987
22,2025-09-27,weekend,52,778.7620555555557,683.3011931818181
22,2025-09-27,weekend,53,792.8495,613.775593220339
22,2025-09-27,weekend,54,869.8529444444445,719.5309550561798
22,2025-09-27,weekend,55,881.4861111111111,510.0824309392265
22,2025-09-27,weekend,56,886.6270555555556,804.1336464088398
22,2025-09-27,weekend,57,882.887611111111,646.450279329609
22,2025-09-27,weekend,58,832.0890555555555,605.4142222222222
22,2025-09-27,weekend,59,782.3235555555555,179.86284916201117
22,2025-09-27,weekend,60,717.6290555555555,453.5830726256983
22,2025-09-27,weekend,61,714.2657777777778,433.28598870056493
22,2025-09-27,weekend,62,671.8212777777778,444.76096385542166
22,2025-09-27,weekend,63,365.89033333333333,228.99820143884892
22,2025-09-27,weekend,64,20.987333333333332,16.582156862745098
22,2025-09-27,weekend,65,19.237444444444442,16.888736842105263
22,2025-09-27,weekend,66,19.02766666666667,16.30568181818182
22,2025-09-27,weekend,67,17.854388888888888,14.947096774193549
22,2025-09-27,weekend,68,18.037222222222223,15.35623188405797
22,2025-09-27,weekend,69,19.497722222222222,15.81328947368421
22,2025-09-27,weekend,70,20.14577777777778,10.127100591715976
22,2025-09-27,weekend,71,23.10027777777778,0.9109375000000001
22,2025-09-27,weekend,72,22.10938888888889,0.0
22,2025-09-27,weekend,73,18.777944444444447,0.0
22,2025-09-27,weekend,74,16.94516666666667,0.0
22,2025-09-27,weekend,75,18.212833333333332,0.0
22,2025-09-27,weekend,76,19.22072222222222,0.0
22,2025-09-27,weekend,77,21.20288888888889,0.0
22,2025-09-27,weekend,78,21.4245,0.0
22,2025-09-27,weekend,79,22.596333333333334,0.0
22,2025-09-27,weekend,80,20.799666666666667,0.0
22,2025-09-27,weekend,81,19.360722222222222,0.0
22,2025-09-27,weekend,82,18.627055555555554,0.0
22,2025-09-27,weekend,83,18.269111111111112,0.0
22,2025-09-27,weekend,84,16.987222222222222,0.0
22,2025-09-27,weekend,85,18.397555555555556,0.0
22,2025-09-27,weekend,86,18.55172222222222,0.0
22,2025-09-27,weekend,87,16.618444444444446,0.0
22,2025-09-27,weekend,88,19.077111111111112,0.0
22,2025-09-27,weekend,89,18.913833333333336,0.0
22,2025-09-27,weekend,90,16.591444444444445,0.0
22,2025-09-27,weekend,91,16.57488888888889,0.0
22,2025-09-27,weekend,92,15.889999999999999,0.0
22,2025-09-27,weekend,93,16.924722222222222,0.0
22,2025-09-27,weekend,94,17.361055555555556,0.0
22,2025-09-27,weekend,95,17.657666666666668,0.0
23,2025-09-28,weekend,0,17.346975308641976,0.0
23,2025-09-28,weekend,1,18.02608938547486,0.0
23,2025-09-28,weekend,2,15.928618784530386,0.0
23,2025-09-28,weekend,3,14.756256983240222,0.0
23,2025-09-28,weekend,4,19.270165745856353,0.0
23,2025-09-28,weekend,5,18.83716666666667,0.0
23,2025-09-28,weekend,6,18.346666666666668,0.0
23,2025-09-28,weekend,7,17.683240223463688,0.0
23,2025-09-28,weekend,8,17.24977900552486,0.0
23,2025-09-28,weekend,9,16.804333333333336,0.0
23,2025-09-28,weekend,10,17.790277777777778,0.0
23,2025-09-28,weekend,11,19.01372222222222,0.0
23,2025-09-28,weekend,12,16.866333333333333,0.0
23,2025-09-28,weekend,13,16.38088888888889,0.0
23,2025-09-28,weekend,14,13.79811111111111,0.0
23,2025-09-28,weekend,15,13.593722222222222,0.0
23,2025-09-28,weekend,16,16.777388888888886,0.0
23,2025-09-28,weekend,17,17.4672625698324,0.0
23,2025-09-28,weekend,18,17.568950276243093,0.0
23,2025-09-28,weekend,19,17.703944444444446,0.0
23,2025-09-28,weekend,20,15.768055555555556,0.0
23,2025-09-28,weekend,21,13.543388888888888,0.0
23,2025-09-28,weekend,22,13.388666666666667,0.3443243243243243
23,2025-09-28,weekend,23,11.478055555555557,5.012456140350877
23,2025-09-28,weekend,24,10.857444444444443,8.035945945945945
23,2025-09-28,weekend,25,13.427222222222223,10.641846153846155
23,2025-09-28,weekend,26,13.682611111111111,10.185588235294118
23,2025-09-28,weekend,27,11.066333333333334,7.311960784313726
23,2025-09-28,weekend,28,11.656500000000001,7.945384615384616
23,2025-09-28,weekend,29,14.404666666666667,10.069122807017543
23,2025-09-28,weekend,30,15.605555555555556,13.83734375
23,2025-09-28,weekend,31,16.10088888888889,14.115322580645161
23,2025-09-28,weekend,32,17.036722222222224,15.4009375
23,2025-09-28,weekend,33,89.93627777777778,75.66125
23,2025-09-28,weekend,34,84.25191666666666,109.66897435897437
23,2025-09-28,weekend,35,78.56755555555556,74.70040650406504
23,2025-09-28,weekend,36,19.117666666666665,16.929651162790698
23,2025-09-28,weekend,37,19.0565,16.931830985915493
23,2025-09-28,weekend,38,20.125444444444444,17.440632911392406
23,2025-09-28,weekend,39,22.89177777777778,16.590344827586208
23,2025-09-28,weekend,40,20.53388888888889,16.589298245614035
23,2025-09-28,weekend,41,21.384777777777778,18.475714285714286
23,2025-09-28,weekend,42,23.118555555555556,19.025849056603775
23,2025-09-28,weekend,43,21.941333333333333,20.01560975609756
23,2025-09-28,weekend,44,22.799333333333333,20.017500000000002
23,2025-09-28,weekend,45,23.433777777777777,20.01375
23,2025-09-28,weekend,46,22.461833333333335,20.019166666666667
23,2025-09-28,weekend,47,24.1505,20.297391304347826
23,2025-09-28,weekend,48,22.232,20.089444444444446
23,2025-09-28,weekend,49,20.957277777777776,14.187307692307693
23,2025-09-28,weekend,50,20.45911111111111,17.255384615384617
23,2025-09-28,weekend,51,23.278111111111112,18.615641025641025
23,2025-09-28,weekend,52,18.197833333333335,14.500961538461537
23,2025-09-28,weekend,53,17.47561111111111,15.39258064516129
23,2025-09-28,weekend,54,16.795944444444444,15.38875
23,2025-09-28,weekend,55,19.235055555555554,15.769846153846153
23,2025-09-28,weekend,56,17.456055555555558,13.967758620689654
23,2025-09-28,weekend,57,17.544055555555556,15.392372881355932
23,2025-09-28,weekend,58,18.770777777777777,14.872542372881357
23,2025-09-28,weekend,59,16.627333333333333,13.536379310344827
23,2025-09-28,weekend,60,15.710666666666667,13.85681818181818
23,2025-09-28,weekend,61,17.189999999999998,13.856
23,2025-09-28,weekend,62,14.0125,11.183417721518987
23,2025-09-28,weekend,63,12.733888888888888,10.774363636363637
23,2025-09-28,weekend,64,14.762333333333332,11.821014492753623
23,2025-09-28,weekend,65,14.570222222222222,12.316612903225806
23,2025-09-28,weekend,66,13.977388888888887,10.091095890410958
23,2025-09-28,weekend,67,11.504833333333332,7.695431034482758
23,2025-09-28,weekend,68,13.492111111111111,8.831544117647057
23,2025-09-28,weekend,69,13.588000000000001,4.789828571428572
23,2025-09-28,weekend,70,15.393666666666668,1.7153333333333334
23,2025-09-28,weekend,71,14.200055555555556,0.059
23,2025-09-28,weekend,72,15.516,0.0
23,2025-09-28,weekend,73,15.504944444444444,0.0
23,2025-09-28,weekend,74,15.581333333333333,0.0
23,2025-09-28,weekend,75,17.884777777777778,0.0
23,2025-09-28,weekend,76,17.3565,0.0
23,2025-09-28,weekend,77,14.51388888888889,0.0
23,2025-09-28,weekend,78,13.5645,0.0
23,2025-09-28,weekend,79,15.659055555555556,0.0
23,2025-09-28,weekend,80,15.109388888888889,0.0
23,2025-09-28,weekend,81,16.866833333333336,0.0
23,2025-09-28,weekend,82,16.624944444444445,0.0
23,2025-09-28,weekend,83,16.03538888888889,0.0
23,2025-09-28,weekend,84,13.470944444444445,0.0
23,2025-09-28,weekend,85,13.031777777777776,0.0
23,2025-09-28,weekend,86,14.586888888888888,0.0
23,2025-09-28,weekend,87,15.728444444444444,0.0
23,2025-09-28,weekend,88,16.38338888888889,0.0
23,2025-09-28,weekend,89,15.622166666666669,0.0
23,2025-09-28,weekend,90,14.378333333333332,0.0
23,2025-09-28,weekend,91,16.698722222222223,0.0
23,2025-09-28,weekend,92,17.844722222222224,0.0
23,2025-09-28,weekend,93,14.774388888888888,0.0
23,2025-09-28,weekend,94,15.446424581005585,0.0
23,2025-09-28,weekend,95,14.559453551912569,0.0
24,2025-09-29,working,0,14.082857142857144,0.0
24,2025-09-29,working,1,17.188333333333333,0.0
24,2025-09-29,working,2,14.742222222222221,0.0
24,2025-09-29,working,3,13.176388888888889,0.0
24,2025-09-29,working,4,14.402166666666666,0.0
24,2025-09-29,working,5,13.794722222222223,0.0
24,2025-09-29,working,6,13.653555555555554,0.0
24,2025-09-29,working,7,16.592888888888886,0.0
24,2025-09-29,working,8,16.556055555555556,0.0
24,2025-09-29,working,9,14.710111111111113,0.0
24,2025-09-29,working,10,14.19061111111111,0.0
24,2025-09-29,working,11,14.518611111111111,0.0
24,2025-09-29,working,12,13.864555555555555,0.0
24,2025-09-29,working,13,15.927777777777777,0.0
24,2025-09-29,working,14,16.207833333333333,0.0
24,2025-09-29,working,15,14.084166666666667,0.0
24,2025-09-29,working,16,14.010055555555555,0.0
24,2025-09-29,working,17,14.825666666666667,0.0
24,2025-09-29,working,18,14.592611111111111,0.0
24,2025-09-29,working,19,15.967833333333333,0.0
24,2025-09-29,working,20,14.882722222222222,0.0
24,2025-09-29,working,21,13.284666666666665,0.0
24,2025-09-29,working,22,14.302888888888889,0.0
24,2025-09-29,working,23,14.215388888888889,0.0
24,2025-09-29,working,24,10.677666666666667,0.6375
24,2025-09-29,working,25,12.580666666666666,1.5373076923076923
24,2025-09-29,working,26,10.867555555555557,3.5705084745762714
24,2025-09-29,working,27,10.323222222222222,6.476772151898734
24,2025-09-29,working,28,17.641222222222222,8.132597402597403
24,2025-09-29,working,29,16.016333333333332,12.671041666666667
24,2025-09-29,working,30,13.643055555555556,12.324827586206897
24,2025-09-29,working,31,12.157000000000002,9.219363636363637
24,2025-09-29,working,32,16.876277777777776,12.954374999999999
24,2025-09-29,working,33,17.455722222222224,13.823131313131313
24,2025-09-29,working,34,14.605929203539823,10.786447368421053
24,2025-09-29,working,35,14.498457142857143,10.784757281553397
24,2025-09-29,working,36,14.888181818181819,11.16178861788618
24,2025-09-29,working,37,13.487499999999999,11.667142857142858
24,2025-09-29,working,38,13.403142857142857,10.932748815165876
24,2025-09-29,working,39,12.929805825242719,10.97034090909091
24,2025-09-29,working,40,15.636944444444445,12.326375
24,2025-09-29,working,41,14.201555555555556,10.765865384615385
24,2025-09-29,working,42,13.96888888888889,10.788
24,2025-09-29,working,43,15.90911111111111,12.912575757575757
24,2025-09-29,working,44,15.55038888888889,13.863898305084746
24,2025-09-29,working,45,13.89511111111111,10.449166666666667
24,2025-09-29,working,46,13.076833333333333,9.24709677419355
24,2025-09-29,working,47,14.254833333333332,10.318867924528302
24,2025-09-29,working,48,13.696722222222222,10.230727272727274
24,2025-09-29,working,49,13.1855,9.347073170731708
24,2025-09-29,working,50,11.880722222222223,8.940314960629921
24,2025-09-29,working,51,12.360000000000001,8.283211009174313
24,2025-09-29,working,52,15.286944444444446,11.3576
24,2025-09-29,working,53,15.098055555555556,11.308157894736842
24,2025-09-29,working,54,15.345611111111111,12.458749999999998
24,2025-09-29,working,55,13.797500000000001,10.145794392523364
24,2025-09-29,working,56,15.017888888888887,11.644102564102564
24,2025-09-29,working,57,12.450833333333334,9.249130434782609
24,2025-09-29,working,58,11.568444444444445,9.24092105263158
24,2025-09-29,working,59,13.44261111111111,8.942586206896552
24,2025-09-29,working,60,11.633000000000001,8.133225806451613
24,2025-09-29,working,61,15.094444444444445,11.186829268292684
24,2025-09-29,working,62,13.311944444444444,10.836310679611652
24,2025-09-29,working,63,12.491499999999998,9.205923076923076
24,2025-09-29,working,64,13.856444444444444,10.786
24,2025-09-29,working,65,15.143944444444443,11.944939759036146
24,2025-09-29,working,66,14.814277777777779,13.265925925925925
24,2025-09-29,working,67,15.671000000000001,13.865857142857143
24,2025-09-29,working,68,14.43288888888889,10.602470588235295
24,2025-09-29,working,69,12.642555555555555,9.154692307692308
24,2025-09-29,working,70,12.260666666666667,3.2994736842105263
24,2025-09-29,working,71,18.74711111111111,0.028571428571428574
24,2025-09-29,working,72,18.961166666666667,0.0
24,2025-09-29,working,73,17.898555555555557,0.0
24,2025-09-29,working,74,16.29511111111111,0.0
24,2025-09-29,working,75,17.198833333333333,0.0
24,2025-09-29,working,76,20.23838888888889,0.0
24,2025-09-29,working,77,18.517555555555553,0.0
24,2025-09-29,working,78,16.245833333333334,0.0
24,2025-09-29,working,79,16.959944444444446,0.0
24,2025-09-29,working,80,16.55811111111111,0.0
24,2025-09-29,working,81,19.282722222222223,0.0
24,2025-09-29,working,82,17.2665,0.0
24,2025-09-29,working,83,15.494555555555555,0.0
24,2025-09-29,working,84,15.836333333333332,0.0
24,2025-09-29,working,85,14.837166666666667,0.0
24,2025-09-29,working,86,15.616722222222224,0.0
24,2025-09-29,working,87,17.2245,0.0
24,2025-09-29,working,88,18.21938888888889,0.0
24,2025-09-29,working,89,21.237,0.0
24,2025-09-29,working,90,22.124277777777777,0.0
24,2025-09-29,working,91,16.72538888888889,0.0
24,2025-09-29,working,92,18.03377777777778,0.0
24,2025-09-29,working,93,16.303333333333335,0.0
24,2025-09-29,working,94,14.864777777777777,0.0
24,2025-09-29,working,95,16.857944444444442,0.0
25,2025-10-03,working,0,12.059367088607596,0.0
25,2025-10-03,working,1,13.179777777777778,0.0
25,2025-10-03,working,2,15.662277777777778,0.0
25,2025-10-03,working,3,13.701055555555556,0.0
25,2025-10-03,working,4,12.526,0.0
25,2025-10-03,working,5,15.093166666666667,0.0
25,2025-10-03,working,6,13.07161111111111,0.0
25,2025-10-03,working,7,13.320944444444445,0.0
25,2025-10-03,working,8,15.646111111111113,0.0
25,2025-10-03,working,9,12.655722222222224,0.0
25,2025-10-03,working,10,13.963666666666667,0.0
25,2025-10-03,working,11,15.710722222222222,0.0
25,2025-10-03,working,12,11.433944444444446,0.0
25,2025-10-03,working,13,13.2455,0.0
25,2025-10-03,working,14,14.136555555555555,0.0
25,2025-10-03,working,15,11.299,0.0
25,2025-10-03,working,16,13.117666666666667,0.0
25,2025-10-03,working,17,16.109222222222222,0.0
25,2025-10-03,working,18,15.52361111111111,0.0
25,2025-10-03,working,19,12.316388888888888,0.0
25,2025-10-03,working,20,11.80122222222222,0.0
25,2025-10-03,working,21,12.369666666666667,0.0
25,2025-10-03,working,22,12.822777777777777,1.0113432835820897
25,2025-10-03,working,23,11.681222222222221,6.636374269005848
25,2025-10-03,working,24,10.744944444444444,7.712868217054264
25,2025-10-03,working,25,10.690222222222221,7.477089552238806
25,2025-10-03,working,26,12.693388888888888,7.784457831325302
25,2025-10-03,working,27,14.968666666666667,11.819589041095892
25,2025-10-03,working,28,20.951444444444444,17.195740740740742
25,2025-10-03,working,29,380.38783333333333,315.486171875
25,2025-10-03,working,30,600.0966666666666,491.6758914728682
25,2025-10-03,working,31,756.1326666666666,618.6981578947368
25,2025-10-03,working,32,794.4789444444444,707.3107303370787
25,2025-10-03,working,33,814.604111111111,709.0587777777778
25,2025-10-03,working,34,812.1032222222221,669.8637988826815
25,2025-10-03,working,35,818.404,740.9358426966292
25,2025-10-03,working,36,860.0801666666666,723.216
25,2025-10-03,working,37,853.6589444444444,749.3375418994414
25,2025-10-03,working,38,901.8967222222223,823.4182584269663
25,2025-10-03,working,39,855.0395,774.5799425287356
25,2025-10-03,working,40,841.9571666666667,754.5
25,2025-10-03,working,41,867.5133888888889,760.6529834254144
25,2025-10-03,working,42,862.974611111111,766.9672625698324
25,2025-10-03,working,43,885.1904444444444,789.6138285714286
25,2025-10-03,working,44,933.7232777777778,745.5591712707181
25,2025-10-03,working,45,965.8697777777778,798.8047777777776
25,2025-10-03,working,46,967.6322777777777,746.3446368715084
25,2025-10-03,working,47,1002.2259444444445,799.9375555555556
25,2025-10-03,working,48,809.7655555555555,623.2986627906977
25,2025-10-03,working,49,730.6806111111111,650.8066666666666
25,2025-10-03,working,50,759.2841666666666,691.2657222222223
25,2025-10-03,working,51,802.7215,711.4401685393259
25,2025-10-03,working,52,839.6080555555557,752.6361016949153
25,2025-10-03,working,53,859.1487222222222,776.7673863636363
25,2025-10-03,working,54,970.8228333333333,886.7643016759777
25,2025-10-03,working,55,996.4741111111111,899.7184180790961
25,2025-10-03,working,56,983.4875,902.4999447513811
25,2025-10-03,working,57,997.1424999999999,901.4292696629213
25,2025-10-03,working,58,926.9576666666667,808.3340331491712
25,2025-10-03,working,59,921.3045,665.5516279069768
25,2025-10-03,working,60,879.5125,713.7666896551724
25,2025-10-03,working,61,880.4403333333333,801.8784615384616
25,2025-10-03,working,62,836.7363888888888,685.0985815602836
25,2025-10-03,working,63,514.151,354.050981595092
25,2025-10-03,working,64,27.05522222222222,24.984444444444446
25,2025-10-03,working,65,20.399333333333335,16.0838202247191
25,2025-10-03,working,66,16.679055555555557,13.924821428571429
25,2025-10-03,working,67,19.089888888888886,15.334347826086956
25,2025-10-03,working,68,19.60938888888889,16.332542372881356
25,2025-10-03,working,69,16.695055555555555,12.368363636363636
25,2025-10-03,working,70,16.941833333333335,5.180502793296089
25,2025-10-03,working,71,19.540333333333333,0.26895833333333335
25,2025-10-03,working,72,19.029777777777777,0.0
25,2025-10-03,working,73,17.318166666666666,0.0
25,2025-10-03,working,74,18.47761111111111,0.0
25,2025-10-03,working,75,18.438555555555556,0.0
25,2025-10-03,working,76,18.432166666666667,0.0
25,2025-10-03,working,77,16.37227777777778,0.0
25,2025-10-03,working,78,18.279222222222224,0.0
25,2025-10-03,working,79,19.690055555555556,0.0
25,2025-10-03,working,80,16.778555555555556,0.0
25,2025-10-03,working,81,16.602333333333334,0.0
25,2025-10-03,working,82,18.654611111111112,0.0
25,2025-10-03,working,83,17.17888888888889,0.0
25,2025-10-03,working,84,14.102777777777778,0.0
25,2025-10-03,working,85,15.492277777777778,0.0
25,2025-10-03,working,86,16.49411111111111,0.0
25,2025-10-03,working,87,14.597722222222224,0.0
25,2025-10-03,working,88,16.899444444444445,0.0
25,2025-10-03,working,89,18.400111111111112,0.0
25,2025-10-03,working,90,16.405166666666666,0.0
25,2025-10-03,working,91,16.259944444444443,0.0
25,2025-10-03,working,92,16.874277777777777,0.0
25,2025-10-03,working,93,17.988722222222222,0.0
25,2025-10-03,working,94,15.967888888888888,0.0
25,2025-10-03,working,95,15.456,0.0
26,2025-10-04,weekend,0,16.582848101265824,0.0
26,2025-10-04,weekend,1,14.751888888888889,0.0
26,2025-10-04,weekend,2,15.511777777777777,0.0
26,2025-10-04,weekend,3,15.215666666666667,0.0
26,2025-10-04,weekend,4,15.403666666666666,0.0
26,2025-10-04,weekend,5,17.072944444444445,0.0
26,2025-10-04,weekend,6,14.772722222222223,0.0
26,2025-10-04,weekend,7,16.66711111111111,0.0
26,2025-10-04,weekend,8,17.1005,0.0
26,2025-10-04,weekend,9,15.388166666666667,0.0
26,2025-10-04,weekend,10,16.985111111111113,0.0
26,2025-10-04,weekend,11,17.82961111111111,0.0
26,2025-10-04,weekend,12,15.8705,0.0
26,2025-10-04,weekend,13,15.809222222222221,0.0
26,2025-10-04,weekend,14,14.636333333333333,0.0
26,2025-10-04,weekend,15,15.330611111111113,0.0
26,2025-10-04,weekend,16,14.287222222222221,0.0
26,2025-10-04,weekend,17,17.290277777777778,0.0
26,2025-10-04,weekend,18,17.169944444444447,0.0
26,2025-10-04,weekend,19,14.960277777777778,0.0
26,2025-10-04,weekend,20,17.32938888888889,0.0
26,2025-10-04,weekend,21,13.830944444444444,0.0
26,2025-10-04,weekend,22,11.155777777777777,0.16411764705882353
26,2025-10-04,weekend,23,10.216222222222223,1.8072560975609755
26,2025-10-04,weekend,24,12.22338888888889,6.1933834586466165
26,2025-10-04,weekend,25,12.648555555555554,10.776666666666666
26,2025-10-04,weekend,26,11.199666666666667,7.571060606060606
26,2025-10-04,weekend,27,13.445944444444445,9.974298245614035
26,2025-10-04,weekend,28,66.14938888888888,40.407875000000004
26,2025-10-04,weekend,29,357.2202222222222,83.39060240963856
26,2025-10-04,weekend,30,652.0518888888889,110.62508064516129
26,2025-10-04,weekend,31,754.8415555555556,231.18609756097558
26,2025-10-04,weekend,32,784.5783888888889,414.7644382022472
26,2025-10-04,weekend,33,791.2869444444444,348.02482142857144
26,2025-10-04,weekend,34,768.059,186.5749358974359
26,2025-10-04,weekend,35,713.8897222222222,163.34364238410595
26,2025-10-04,weekend,36,731.8889444444445,187.2775
26,2025-10-04,weekend,37,723.7519444444445,166.34309523809523
26,2025-10-04,weekend,38,709.9916111111112,196.50804195804196
26,2025-10-04,weekend,39,697.6298333333333,301.21899371069185
26,2025-10-04,weekend,40,658.0448888888889,371.65770833333335
26,2025-10-04,weekend,41,746.7303888888889,419.3752027027027
26,2025-10-04,weekend,42,735.3225555555556,584.7317222222223
26,2025-10-04,weekend,43,735.9956666666667,645.0299428571429
26,2025-10-04,weekend,44,835.2742222222222,741.3341111111112
26,2025-10-04,weekend,45,849.9260555555555,768.0219186046511
26,2025-10-04,weekend,46,858.9543333333334,776.1583974358974
26,2025-10-04,weekend,47,875.0652222222221,799.5938607594937
26,2025-10-04,weekend,48,708.1613333333333,630.7918285714286
26,2025-10-04,weekend,49,667.3215555555556,579.5167222222221
26,2025-10-04,weekend,50,674.1595555555556,600.536312849162
26,2025-10-04,weekend,51,691.9312777777778,629.6178409090909
26,2025-10-04,weekend,52,755.1645555555556,680.4161016949153
26,2025-10-04,weekend,53,771.6892777777778,673.9498181818182
26,2025-10-04,weekend,54,833.5905555555555,601.6131914893617
26,2025-10-04,weekend,55,866.5324444444444,707.3529090909091
26,2025-10-04,weekend,56,876.5286111111111,720.7441011235954
26,2025-10-04,weekend,57,868.7187777777779,730.237191011236
26,2025-10-04,weekend,58,837.1171666666667,683.8508938547486
26,2025-10-04,weekend,59,794.8192777777778,609.9409039548023
26,2025-10-04,weekend,60,773.5866666666667,620.0050282485876
26,2025-10-04,weekend,61,779.9097777777778,483.5436470588235
26,2025-10-04,weekend,62,711.1854444444444,458.85517045454543
26,2025-10-04,weekend,63,413.27349999999996,279.45834319526625
26,2025-10-04,weekend,64,27.39511111111111,21.188000000000002
26,2025-10-04,weekend,65,22.53,21.566086956521737
26,2025-10-04,weekend,66,19.488777777777777,14.330526315789472
26,2025-10-04,weekend,67,19.57561111111111,15.39387755102041
26,2025-10-04,weekend,68,20.6405,18.098076923076924
26,2025-10-04,weekend,69,19.404833333333332,16.13484375
26,2025-10-04,weekend,70,16.55538888888889,9.417716049382717
26,2025-10-04,weekend,71,18.359166666666667,1.542906976744186
26,2025-10-04,weekend,72,19.312166666666666,0.0
26,2025-10-04,weekend,73,20.224222222222224,0.0
26,2025-10-04,weekend,74,19.225777777777775,0.0
26,2025-10-04,weekend,75,19.412222222222223,0.0
26,2025-10-04,weekend,76,20.26088888888889,0.0
26,2025-10-04,weekend,77,19.30922222222222,0.0
26,2025-10-04,weekend,78,17.149166666666666,0.0
26,2025-10-04,weekend,79,16.26,0.0
26,2025-10-04,weekend,80,18.87633333333333,0.0
26,2025-10-04,weekend,81,18.721944444444443,0.0
26,2025-10-04,weekend,82,17.524555555555555,0.0
26,2025-10-04,weekend,83,18.645777777777777,0.0
26,2025-10-04,weekend,84,16.47833333333333,0.0
26,2025-10-04,weekend,85,18.065333333333335,0.0
26,2025-10-04,weekend,86,16.163055555555555,0.0
26,2025-10-04,weekend,87,14.633888888888889,0.0
26,2025-10-04,weekend,88,18.15266666666667,0.0
26,2025-10-04,weekend,89,17.98777777777778,0.0
26,2025-10-04,weekend,90,15.473333333333333,0.0
26,2025-10-04,weekend,91,18.209944444444446,0.0
26,2025-10-04,weekend,92,17.789722222222224,0.0
26,2025-10-04,weekend,93,16.813666666666666,0.0
26,2025-10-04,weekend,94,16.16422222222222,0.0
26,2025-10-04,weekend,95,17.483888888888888,0.0
27,2025-10-05,weekend,0,16.354140127388533,0.0
27,2025-10-05,weekend,1,18.221777777777778,0.0
27,2025-10-05,weekend,2,17.357666666666667,0.0
27,2025-10-05,weekend,3,14.978777777777777,0.0
27,2025-10-05,weekend,4,16.59188888888889,0.0
27,2025-10-05,weekend,5,17.325277777777778,0.0
27,2025-10-05,weekend,6,16.259555555555554,0.0
27,2025-10-05,weekend,7,17.30788888888889,0.0
27,2025-10-05,weekend,8,17.221111111111114,0.0
27,2025-10-05,weekend,9,17.985111111111113,0.0
27,2025-10-05,weekend,10,18.441055555555554,0.0
27,2025-10-05,weekend,11,18.151333333333334,0.0
27,2025-10-05,weekend,12,15.907111111111112,0.0
27,2025-10-05,weekend,13,15.078888888888887,0.0
27,2025-10-05,weekend,14,15.791777777777778,0.0
27,2025-10-05,weekend,15,14.515166666666667,0.0
27,2025-10-05,weekend,16,14.690888888888889,0.0
27,2025-10-05,weekend,17,18.392222222222223,0.0
27,2025-10-05,weekend,18,18.423166666666667,0.0
27,2025-10-05,weekend,19,16.366888888888887,0.0
27,2025-10-05,weekend,20,14.602722222222221,0.0
27,2025-10-05,weekend,21,11.5275,0.0
27,2025-10-05,weekend,22,12.776944444444444,0.02
27,2025-10-05,weekend,23,12.514666666666667,4.9383333333333335
27,2025-10-05,weekend,24,11.953166666666668,8.328354430379747
27,2025-10-05,weekend,25,14.205,11.1176
27,2025-10-05,weekend,26,15.228,13.89
27,2025-10-05,weekend,27,15.622888888888887,9.97
27,2025-10-05,weekend,28,18.935499999999998,15.37527027027027
27,2025-10-05,weekend,29,23.127111111111113,17.092881355932203
27,2025-10-05,weekend,30,21.281833333333335,17.197704918032787
27,2025-10-05,weekend,31,19.50177777777778,16.36797297297297
27,2025-10-05,weekend,32,20.672722222222223,16.057746478873238
27,2025-10-05,weekend,33,22.763055555555557,20.03529411764706
27,2025-10-05,weekend,34,23.853333333333335,19.829322033898308
27,2025-10-05,weekend,35,25.384722222222223,22.78057142857143
27,2025-10-05,weekend,36,24.04261111111111,19.279302325581394
27,2025-10-05,weekend,37,23.094944444444444,19.535873015873015
27,2025-10-05,weekend,38,26.77422222222222,22.57162162162162
27,2025-10-05,weekend,39,35.79655555555556,33.5052
27,2025-10-05,weekend,40,37.95327777777778,75.2125
27,2025-10-05,weekend,41,37.060944444444445,32.40692307692307
27,2025-10-05,weekend,42,41.163777777777774,37.528
27,2025-10-05,weekend,43,39.272444444444446,33.263333333333335
27,2025-10-05,weekend,44,32.41016666666667,27.532258064516128
27,2025-10-05,weekend,45,26.89411111111111,23.50219512195122
27,2025-10-05,weekend,46,23.25288888888889,19.058846153846154
27,2025-10-05,weekend,47,22.101666666666667,17.352363636363638
27,2025-10-05,weekend,48,19.66277777777778,16.957692307692305
27,2025-10-05,weekend,49,20.084944444444446,17.510833333333334
27,2025-10-05,weekend,50,21.21211111111111,17.04860465116279
27,2025-10-05,weekend,51,18.533277777777776,15.07
27,2025-10-05,weekend,52,19.310666666666666,15.417142857142858
27,2025-10-05,weekend,53,18.896833333333333,15.40925
27,2025-10-05,weekend,54,18.744666666666667,15.41015873015873
27,2025-10-05,weekend,55,19.378722222222223,15.678852459016394
27,2025-10-05,weekend,56,19.503833333333333,16.263225806451615
27,2025-10-05,weekend,57,19.938166666666667,16.351967213114754
27,2025-10-05,weekend,58,19.863055555555555,16.95277777777778
27,2025-10-05,weekend,59,19.29538888888889,16.956875
27,2025-10-05,weekend,60,18.3035,16.953
27,2025-10-05,weekend,61,17.449226519337017,15.196857142857143
27,2025-10-05,weekend,62,17.155444444444445,13.867073170731706
27,2025-10-05,weekend,63,17.66338888888889,13.871836734693877
27,2025-10-05,weekend,64,18.562166666666666,15.051666666666666
27,2025-10-05,weekend,65,18.423,15.411315789473685
27,2025-10-05,weekend,66,18.010666666666665,15.409090909090908
27,2025-10-05,weekend,67,16.231666666666666,13.460425531914893
27,2025-10-05,weekend,68,15.569555555555555,12.328055555555556
27,2025-10-05,weekend,69,16.758666666666667,13.661264367816091
27,2025-10-05,weekend,70,16.459834254143647,4.421907514450867
27,2025-10-05,weekend,71,17.975474860335197,0.5022222222222222
27,2025-10-05,weekend,72,18.438555555555556,0.0
27,2025-10-05,weekend,73,18.686906077348066,0.0
27,2025-10-05,weekend,74,18.32994413407821,0.0
27,2025-10-05,weekend,75,17.537458563535914,0.0
27,2025-10-05,weekend,76,18.367206703910615,0.0
27,2025-10-05,weekend,77,17.86767955801105,0.0
27,2025-10-05,weekend,78,17.761899441340784,0.0
27,2025-10-05,weekend,79,18.076298342541435,0.0
27,2025-10-05,weekend,80,17.500893854748604,0.0
27,2025-10-05,weekend,81,19.39811111111111,0.0
27,2025-10-05,weekend,82,19.454,0.0
27,2025-10-05,weekend,83,19.226166666666668,0.0
27,2025-10-05,weekend,84,18.619337016574587,0.0
27,2025-10-05,weekend,85,16.111340782122905,0.0
27,2025-10-05,weekend,86,15.729613259668508,0.0
27,2025-10-05,weekend,87,16.22396648044693,0.0
27,2025-10-05,weekend,88,16.911055555555556,0.0
27,2025-10-05,weekend,89,18.368508287292816,0.0
27,2025-10-05,weekend,90,16.781777777777776,0.0
27,2025-10-05,weekend,91,16.2185,0.0
27,2025-10-05,weekend,92,15.689833333333334,0.0
27,2025-10-05,weekend,93,16.6945,0.0
27,2025-10-05,weekend,94,17.241833333333336,0.0
27,2025-10-05,weekend,95,16.5215,0.0
28,2025-10-06,working,0,14.741602564102564,0.0
28,2025-10-06,working,1,15.957555555555556,0.0
28,2025-10-06,working,2,16.044222222222224,0.0
28,2025-10-06,working,3,15.687166666666666,0.0
28,2025-10-06,working,4,16.024555555555555,0.0
28,2025-10-06,working,5,16.139,0.0
28,2025-10-06,working,6,15.201833333333333,0.0
28,2025-10-06,working,7,15.950611111111112,0.0
28,2025-10-06,working,8,15.389,0.0
28,2025-10-06,working,9,15.394666666666666,0.0
28,2025-10-06,working,10,15.229333333333335,0.0
28,2025-10-06,working,11,15.852055555555555,0.0
28,2025-10-06,working,12,13.464833333333333,0.0
28,2025-10-06,working,13,13.963722222222222,0.0
28,2025-10-06,working,14,14.58488888888889,0.0
28,2025-10-06,working,15,14.73777777777778,0.0
28,2025-10-06,working,16,14.831777777777777,0.0
28,2025-10-06,working,17,16.12838888888889,0.0
28,2025-10-06,working,18,15.76361111111111,0.0
28,2025-10-06,working,19,14.953111111111111,0.0
28,2025-10-06,working,20,14.271722222222222,0.0
28,2025-10-06,working,21,14.465,0.0
28,2025-10-06,working,22,13.163722222222221,0.0
28,2025-10-06,working,23,12.096222222222224,1.356969696969697
28,2025-10-06,working,24,11.128555555555556,7.525340909090909
28,2025-10-06,working,25,12.622944444444444,9.8713698630137
28,2025-10-06,working,26,12.867999999999999,9.261505376344086
28,2025-10-06,working,27,20.45488888888889,21.265263157894736
28,2025-10-06,working,28,43.41088888888889,36.1004
28,2025-10-06,working,29,380.9075,115.26086614173228
28,2025-10-06,working,30,845.7441666666667,80.53280898876405
28,2025-10-06,working,31,889.5096111111112,85.39496774193547
28,2025-10-06,working,32,882.1891666666666,150.1799363057325
28,2025-10-06,working,33,816.5495555555556,235.34993902439024
28,2025-10-06,working,34,744.6337222222222,110.74994285714287
28,2025-10-06,working,35,721.3710555555555,367.6123076923077
28,2025-10-06,working,36,784.5577222222223,481.05950704225353
28,2025-10-06,working,37,799.8315000000001,472.0174825174825
28,2025-10-06,working,38,791.0781111111111,346.1644444444444
28,2025-10-06,working,39,785.416388888889,649.5827683615819
28,2025-10-06,working,40,758.5819444444444,641.3876829268293
28,2025-10-06,working,41,828.3914444444443,582.641552795031
28,2025-10-06,working,42,815.0202222222223,662.8061016949152
28,2025-10-06,working,43,849.8743888888889,556.9457407407408
28,2025-10-06,working,44,820.1325555555554,533.4236184210527
28,2025-10-06,working,45,870.1757222222222,486.51816568047343
28,2025-10-06,working,46,885.1304444444445,501.7628220858895
28,2025-10-06,working,47,904.1945555555556,640.0932575757575
28,2025-10-06,working,48,676.2488333333333,543.5805645161291
28,2025-10-06,working,49,627.0137222222222,399.3246625766871
28,2025-10-06,working,50,616.9877222222221,123.8095
28,2025-10-06,working,51,591.5638888888889,56.32061797752809
28,2025-10-06,working,52,600.7883888888889,186.27132947976878
28,2025-10-06,working,53,594.4521111111111,163.81683908045977
28,2025-10-06,working,54,585.5063333333334,169.39277777777778
28,2025-10-06,working,55,659.9514689265537,189.4237804878049
28,2025-10-06,working,56,688.5843715846995,170.6131818181818
28,2025-10-06,working,57,680.4673333333333,183.95149659863944
28,2025-10-06,working,58,654.5930000000001,179.80387096774194
28,2025-10-06,working,59,601.4716666666666,175.1684946236559
28,2025-10-06,working,60,573.3179444444444,159.14329896907216
28,2025-10-06,working,61,577.8975,141.34296296296296
28,2025-10-06,working,62,551.8156666666667,125.88726190476191
28,2025-10-06,working,63,356.1682222222222,83.69177215189873
28,2025-10-06,working,64,17.86272222222222,13.407592592592593
28,2025-10-06,working,65,14.996055555555555,11.547446808510639
28,2025-10-06,working,66,15.514444444444443,11.43982456140351
28,2025-10-06,working,67,15.687277777777778,11.50109756097561
28,2025-10-06,working,68,13.479333333333335,10.174057971014493
28,2025-10-06,working,69,13.200222222222221,9.906489361702128
28,2025-10-06,working,70,14.827444444444446,2.267887323943662
28,2025-10-06,working,71,16.689888888888888,0.0033333333333333335
28,2025-10-06,working,72,18.167333333333332,0.0
28,2025-10-06,working,73,18.747444444444444,0.0
28,2025-10-06,working,74,16.466555555555555,0.0
28,2025-10-06,working,75,16.866333333333333,0.0
28,2025-10-06,working,76,15.992166666666668,0.0
28,2025-10-06,working,77,15.387944444444445,0.0
28,2025-10-06,working,78,16.448777777777778,0.0
28,2025-10-06,working,79,14.364944444444445,0.0
28,2025-10-06,working,80,16.36938888888889,0.0
28,2025-10-06,working,81,15.624833333333331,0.0
28,2025-10-06,working,82,15.406833333333333,0.0
28,2025-10-06,working,83,15.889833333333334,0.0
28,2025-10-06,working,84,14.585055555555556,0.0
28,2025-10-06,working,85,14.092666666666666,0.0
28,2025-10-06,working,86,16.371444444444446,0.0
28,2025-10-06,working,87,14.844444444444445,0.0
28,2025-10-06,working,88,15.066777777777778,0.0
28,2025-10-06,working,89,17.295222222222222,0.0
28,2025-10-06,working,90,21.204166666666666,0.0
28,2025-10-06,working,91,18.47538888888889,0.0
28,2025-10-06,working,92,16.81111111111111,0.0
28,2025-10-06,working,93,17.48627777777778,0.0
28,2025-10-06,working,94,14.935055555555556,0.0
28,2025-10-06,working,95,13.808611111111112,0.0
29,2025-10-07,working,0,17.594679487179487,0.0
29,2025-10-07,working,1,16.551277777777777,0.0
29,2025-10-07,working,2,15.182722222222221,0.0
29,2025-10-07,working,3,16.484166666666667,0.0
29,2025-10-07,working,4,16.1725,0.0
29,2025-10-07,working,5,14.614333333333333,0.0
29,2025-10-07,working,6,16.134,0.0
29,2025-10-07,working,7,16.82938888888889,0.0
29,2025-10-07,working,8,16.391111111111112,0.0
29,2025-10-07,working,9,18.704222222222224,0.0
29,2025-10-07,working,10,18.12177777777778,0.0
29,2025-10-07,working,11,16.64822222222222,0.0
29,2025-10-07,working,12,14.359722222222222,0.0
29,2025-10-07,working,13,15.805055555555555,0.0
29,2025-10-07,working,14,15.042833333333334,0.0
29,2025-10-07,working,15,14.801722222222223,0.0
29,2025-10-07,working,16,14.544833333333335,0.0
29,2025-10-07,working,17,16.629277777777776,0.0
29,2025-10-07,working,18,16.622999999999998,0.0
29,2025-10-07,working,19,17.105666666666668,0.0
29,2025-10-07,working,20,15.483444444444444,0.0
29,2025-10-07,working,21,13.745111111111111,0.0
29,2025-10-07,working,22,15.08911111111111,0.0
29,2025-10-07,working,23,13.717500000000001,0.15681818181818183
29,2025-10-07,working,24,13.825999999999999,0.8598507462686568
29,2025-10-07,working,25,13.905499999999998,1.5710884353741497
29,2025-10-07,working,26,12.084,4.698742857142857
29,2025-10-07,working,27,12.806888888888889,5.079604519774011
29,2025-10-07,working,28,22.090833333333332,4.572444444444444
29,2025-10-07,working,29,418.623,8.387709497206705
29,2025-10-07,working,30,674.6196666666666,11.985
29,2025-10-07,working,31,737.5805555555555,25.34136645962733
29,2025-10-07,working,32,760.2750555555556,37.78641025641026
29,2025-10-07,working,33,747.1118333333334,42.09315789473684
29,2025-10-07,working,34,696.0419444444444,37.302138728323705
29,2025-10-07,working,35,686.5625555555555,72.79571428571428
29,2025-10-07,working,36,702.8639444444444,106.98017045454544
29,2025-10-07,working,37,716.0135,148.6797385620915
29,2025-10-07,working,38,703.2923333333333,163.404598540146
29,2025-10-07,working,39,720.5022777777777,205.08267716535434
29,2025-10-07,working,40,685.7132777777778,192.37807692307695
29,2025-10-07,working,41,710.2152777777778,142.78141025641025
29,2025-10-07,working,42,744.9226666666666,150.57073825503358
29,2025-10-07,working,43,752.971,188.24934782608696
29,2025-10-07,working,44,740.1072222222222,190.2567543859649
29,2025-10-07,working,45,770.0570555555555,200.28394904458597
29,2025-10-07,working,46,767.8747777777777,149.28314102564102
29,2025-10-07,working,47,798.8508333333333,280.9796946564885
29,2025-10-07,working,48,613.6361111111111,332.1493023255814
29,2025-10-07,working,49,577.0597777777778,304.2422641509434
29,2025-10-07,working,50,577.8975555555555,286.44116279069766
29,2025-10-07,working,51,593.0748888888888,233.13986111111112
29,2025-10-07,working,52,629.8573333333334,184.31960396039602
29,2025-10-07,working,53,624.1005555555556,166.5744578313253
29,2025-10-07,working,54,677.6426111111111,218.37584615384617
29,2025-10-07,working,55,719.4606111111111,234.18191176470586
29,2025-10-07,working,56,718.8755,217.63832258064517
29,2025-10-07,working,57,703.9891666666667,198.1053947368421
29,2025-10-07,working,58,659.9466111111111,153.69344370860927
29,2025-10-07,working,59,637.2421666666667,94.05880681818181
29,2025-10-07,working,60,580.6178333333334,25.492752808988765
29,2025-10-07,working,61,557.0198888888889,91.79176470588236
29,2025-10-07,working,62,551.3096666666667,109.1261224489796
29,2025-10-07,working,63,366.9793888888889,122.68830188679244
29,2025-10-07,working,64,14.057722222222221,9.62351724137931
29,2025-10-07,working,65,12.916444444444444,9.137659574468085
29,2025-10-07,working,66,15.70261111111111,11.988271604938271
29,2025-10-07,working,67,14.398222222222222,10.767685185185186
29,2025-10-07,working,68,12.157444444444446,7.741339285714285
29,2025-10-07,working,69,11.68438888888889,7.8730769230769235
29,2025-10-07,working,70,10.73,2.926875
29,2025-10-07,working,71,15.616555555555555,0.0
29,2025-10-07,working,72,13.534333333333333,0.0
29,2025-10-07,working,73,14.130666666666666,0.0
29,2025-10-07,working,74,17.03638888888889,0.0
29,2025-10-07,working,75,15.96787356321839,0.0
29,2025-10-07,working,76,14.5401775147929,0.0
29,2025-10-07,working,77,16.063944444444445,0.0
29,2025-10-07,working,78,15.319722222222223,0.0
29,2025-10-07,working,79,14.607111111111113,0.0
29,2025-10-07,working,80,15.875833333333334,0.0
29,2025-10-07,working,81,15.025833333333335,0.0
29,2025-10-07,working,82,16.666999999999998,0.0
29,2025-10-07,working,83,15.194,0.0
29,2025-10-07,working,84,14.758777777777777,0.0
29,2025-10-07,working,85,11.807611111111111,0.0
29,2025-10-07,working,86,11.604444444444445,0.0
29,2025-10-07,working,87,15.240833333333333,0.0
29,2025-10-07,working,88,14.891222222222222,0.0
29,2025-10-07,working,89,13.850333333333333,0.0
29,2025-10-07,working,90,15.371833333333333,0.0
29,2025-10-07,working,91,15.838000000000001,0.0
29,2025-10-07,working,92,14.991222222222223,0.0
29,2025-10-07,working,93,14.842906976744187,0.0
29,2025-10-07,working,94,12.01829457364341,0.0
29,2025-10-07,working,95,12.488175675675675,0.0
30,2025-11-18,working,0,16.668641975308642,0.0
30,2025-11-18,working,1,14.56511111111111,0.0
30,2025-11-18,working,2,14.19727777777778,0.0
30,2025-11-18,working,3,14.042166666666667,0.0
30,2025-11-18,working,4,16.421277777777778,0.0
30,2025-11-18,working,5,16.316222222222223,0.0
30,2025-11-18,working,6,14.312722222222222,0.0
30,2025-11-18,working,7,14.322999999999999,0.0
30,2025-11-18,working,8,16.649222222222225,0.0
30,2025-11-18,working,9,17.49061111111111,0.0
30,2025-11-18,working,10,17.27311111111111,0.0
30,2025-11-18,working,11,17.22161111111111,0.0
30,2025-11-18,working,12,14.506722222222223,0.0
30,2025-11-18,working,13,14.288666666666668,0.0
30,2025-11-18,working,14,13.49488888888889,0.0
30,2025-11-18,working,15,15.561666666666666,0.0
30,2025-11-18,working,16,17.08111111111111,0.0
30,2025-11-18,working,17,16.85272222222222,0.0
30,2025-11-18,working,18,15.695277777777779,0.0
30,2025-11-18,working,19,14.581,0.0
30,2025-11-18,working,20,15.701944444444443,0.0
30,2025-11-18,working,21,11.133111111111111,0.0
30,2025-11-18,working,22,11.87961111111111,0.0
30,2025-11-18,working,23,10.642222222222221,0.0
30,2025-11-18,working,24,9.738111111111111,0.0
30,2025-11-18,working,25,11.375055555555555,0.033846153846153845
30,2025-11-18,working,26,10.855111111111112,1.8814893617021278
30,2025-11-18,working,27,11.378388888888889,6.437430167597765
30,2025-11-18,working,28,20.158444444444445,10.133922651933702
30,2025-11-18,working,29,385.6866111111111,26.626914285714285
30,2025-11-18,working,30,461.72822222222226,32.56512195121952
30,2025-11-18,working,31,403.12055555555554,69.45308139534883
30,2025-11-18,working,32,417.74083333333334,99.6702409638554
30,2025-11-18,working,33,428.56444444444446,119.61022222222222
30,2025-11-18,working,34,445.9298888888889,83.97598639455782
30,2025-11-18,working,35,458.20472222222224,54.13559523809524
30,2025-11-18,working,36,464.1423333333333,110.98121387283237
30,2025-11-18,working,37,462.43994444444445,82.38601398601399
30,2025-11-18,working,38,472.2749444444445,143.39594444444444
30,2025-11-18,working,39,471.5124444444445,197.8430821917808
30,2025-11-18,working,40,436.3266666666667,233.53924418604652
30,2025-11-18,working,41,478.65894444444444,251.07000000000002
30,2025-11-18,working,42,511.2017222222222,263.29047904191617
30,2025-11-18,working,43,501.61238888888886,184.06562874251497
30,2025-11-18,working,44,554.4755555555556,157.7393125
30,2025-11-18,working,45,467.0221666666667,209.69765100671142
30,2025-11-18,working,46,456.953,200.82339622641507
30,2025-11-18,working,47,426.61005555555556,186.1087121212121
30,2025-11-18,working,48,262.0805555555556,169.88438356164383
30,2025-11-18,working,49,323.309,204.14295774647886
30,2025-11-18,working,50,410.4758888888889,218.37626506024097
30,2025-11-18,working,51,402.4161111111111,282.81613636363636
30,2025-11-18,working,52,411.9906111111111,322.2515625
30,2025-11-18,working,53,411.3645555555555,271.79198757763976
30,2025-11-18,working,54,465.4215,262.3921276595745
30,2025-11-18,working,55,495.87638888888887,188.24654970760233
30,2025-11-18,working,56,491.3420555555556,141.17553571428573
30,2025-11-18,working,57,500.3478333333333,109.89676300578034
30,2025-11-18,working,58,465.6633333333333,165.8557803468208
30,2025-11-18,working,59,389.10866666666664,176.54508771929824
30,2025-11-18,working,60,361.4418888888889,96.22970588235293
30,2025-11-18,working,61,371.89211111111115,96.02382716049384
30,2025-11-18,working,62,373.97855555555554,55.520576923076916
30,2025-11-18,working,63,255.78244444444442,27.211242236024844
30,2025-11-18,working,64,18.768333333333334,16.197872340425533
30,2025-11-18,working,65,14.351166666666668,12.151304347826086
30,2025-11-18,working,66,15.145444444444443,11.48449275362319
30,2025-11-18,working,67,16.966944444444444,9.678850574712643
30,2025-11-18,working,68,16.088833333333334,4.2128070175438594
30,2025-11-18,working,69,15.931166666666668,0.063
30,2025-11-18,working,70,21.112166666666667,0.0
30,2025-11-18,working,71,20.562555555555555,0.0
30,2025-11-18,working,72,20.1775,0.0
30,2025-11-18,working,73,19.83877777777778,0.0
30,2025-11-18,working,74,20.103555555555555,0.0
30,2025-11-18,working,75,20.221555555555558,0.0
30,2025-11-18,working,76,20.44972222222222,0.0
30,2025-11-18,working,77,19.827277777777777,0.0
30,2025-11-18,working,78,20.216333333333335,0.0
30,2025-11-18,working,79,20.27561111111111,0.0
30,2025-11-18,working,80,19.804555555555556,0.0
30,2025-11-18,working,81,20.803166666666666,0.0
30,2025-11-18,working,82,18.767333333333333,0.0
30,2025-11-18,working,83,17.370055555555556,0.0
30,2025-11-18,working,84,17.8515,0.0
30,2025-11-18,working,85,18.888,0.0
30,2025-11-18,working,86,19.325333333333333,0.0
30,2025-11-18,working,87,17.952833333333334,0.0
30,2025-11-18,working,88,16.387,0.0
30,2025-11-18,working,89,17.53088888888889,0.0
30,2025-11-18,working,90,19.124444444444446,0.0
30,2025-11-18,working,91,19.658618784530386,0.0
30,2025-11-18,working,92,19.081722222222222,0.0
30,2025-11-18,working,93,16.381666666666664,0.0
30,2025-11-18,working,94,16.524,0.0
30,2025-11-18,working,95,16.745777777777775,0.0
