day_index,date_iso,day_type,step,P_load_kW,P_pv_kW
1,2025-09-06,weekend,0,28.777876,11.916411
1,2025-09-06,weekend,1,27.611885,6.366029
1,2025-09-06,weekend,2,27.455722,7.513622
1,2025-09-06,weekend,3,27.366458,7.252029
1,2025-09-06,weekend,4,27.943118,7.448966
1,2025-09-06,weekend,5,29.094573,5.727011
1,2025-09-06,weekend,6,29.476454,7.526874
1,2025-09-06,weekend,7,30.107802,7.703145
1,2025-09-06,weekend,8,30.331565,7.947898
1,2025-09-06,weekend,9,30.201741,7.614910
1,2025-09-06,weekend,10,30.295058,7.588279
1,2025-09-06,weekend,11,29.760176,7.264104
1,2025-09-06,weekend,12,28.473237,5.650545
1,2025-09-06,weekend,13,28.998999,6.219108
1,2025-09-06,weekend,14,30.138331,7.281519
1,2025-09-06,weekend,15,29.768209,7.646813
1,2025-09-06,weekend,16,30.356550,7.685778
1,2025-09-06,weekend,17,31.016670,7.775229
1,2025-09-06,weekend,18,31.381025,8.428028
1,2025-09-06,weekend,19,31.082079,9.094448
1,2025-09-06,weekend,20,30.293773,9.102742
1,2025-09-06,weekend,21,28.796956,10.670011
1,2025-09-06,weekend,22,27.816689,12.062751
1,2025-09-06,weekend,23,27.364737,12.995062
1,2025-09-06,weekend,24,26.087859,12.661932
1,2025-09-06,weekend,25,25.716797,12.365912
1,2025-09-06,weekend,26,25.020624,13.338043
1,2025-09-06,weekend,27,26.054142,14.722984
1,2025-09-06,weekend,28,62.204305,33.914157
1,2025-09-06,weekend,29,212.388680,79.852758
1,2025-09-06,weekend,30,287.264630,117.003220
1,2025-09-06,weekend,31,291.351240,135.986561
1,2025-09-06,weekend,32,294.959697,154.288619
1,2025-09-06,weekend,33,297.911551,174.016466
1,2025-09-06,weekend,34,297.467069,180.298976
1,2025-09-06,weekend,35,301.760918,191.592225
1,2025-09-06,weekend,36,315.441272,200.866830
1,2025-09-06,weekend,37,319.054793,203.824173
1,2025-09-06,weekend,38,323.770850,220.665033
1,2025-09-06,weekend,39,326.595653,231.769284
1,2025-09-06,weekend,40,316.449385,237.365381
1,2025-09-06,weekend,41,334.837048,243.968012
1,2025-09-06,weekend,42,339.924045,256.595368
1,2025-09-06,weekend,43,349.208883,277.219614
1,2025-09-06,weekend,44,352.437171,279.974066
1,2025-09-06,weekend,45,347.094653,270.513108
1,2025-09-06,weekend,46,339.818136,268.499191
1,2025-09-06,weekend,47,333.337518,253.133224
1,2025-09-06,weekend,48,260.013796,215.795996
1,2025-09-06,weekend,49,281.024345,224.462216
1,2025-09-06,weekend,50,307.691745,246.259886
1,2025-09-06,weekend,51,312.293243,233.969316
1,2025-09-06,weekend,52,318.557813,239.671397
1,2025-09-06,weekend,53,322.624253,245.426101
1,2025-09-06,weekend,54,341.184198,244.133631
1,2025-09-06,weekend,55,363.169667,251.763453
1,2025-09-06,weekend,56,365.740437,261.798948
1,2025-09-06,weekend,57,367.919636,254.965138
1,2025-09-06,weekend,58,363.807630,229.505891
1,2025-09-06,weekend,59,344.538704,221.572011
1,2025-09-06,weekend,60,315.390925,199.878560
1,2025-09-06,weekend,61,310.117862,195.186594
1,2025-09-06,weekend,62,299.760121,178.936028
1,2025-09-06,weekend,63,219.831379,126.757413
1,2025-09-06,weekend,64,112.448953,63.785052
1,2025-09-06,weekend,65,106.632529,60.279718
1,2025-09-06,weekend,66,98.289013,52.323490
1,2025-09-06,weekend,67,63.462441,37.753234
1,2025-09-06,weekend,68,25.835183,18.452086
1,2025-09-06,weekend,69,23.520847,13.383480
1,2025-09-06,weekend,70,23.251328,9.797423
1,2025-09-06,weekend,71,23.438468,6.463335
1,2025-09-06,weekend,72,24.370430,3.831432
1,2025-09-06,weekend,73,29.128786,1.891825
1,2025-09-06,weekend,74,29.191366,0.325745
1,2025-09-06,weekend,75,27.855680,0.003794
1,2025-09-06,weekend,76,28.510701,0.000000
1,2025-09-06,weekend,77,28.543704,0.000000
1,2025-09-06,weekend,78,27.878628,0.000000
1,2025-09-06,weekend,79,27.376250,0.000000
1,2025-09-06,weekend,80,26.793875,0.000000
1,2025-09-06,weekend,81,26.909101,0.000000
1,2025-09-06,weekend,82,26.568589,0.000000
1,2025-09-06,weekend,83,25.389360,0.000000
1,2025-09-06,weekend,84,23.567382,0.000000
1,2025-09-06,weekend,85,23.267843,0.000000
1,2025-09-06,weekend,86,23.031668,0.000000
1,2025-09-06,weekend,87,23.224088,0.000000
1,2025-09-06,weekend,88,23.332589,0.000000
1,2025-09-06,weekend,89,23.308333,0.000000
1,2025-09-06,weekend,90,23.244855,0.005025
1,2025-09-06,weekend,91,22.883706,0.092029
1,2025-09-06,weekend,92,22.707159,0.275323
1,2025-09-06,weekend,93,22.445748,0.246143
1,2025-09-06,weekend,94,22.165130,0.261449
1,2025-09-06,weekend,95,21.800360,0.258687
2,2025-09-07,weekend,0,28.777876,11.916411
2,2025-09-07,weekend,1,27.611885,6.366029
2,2025-09-07,weekend,2,27.455722,7.513622
2,2025-09-07,weekend,3,27.366458,7.252029
2,2025-09-07,weekend,4,27.943118,7.448966
2,2025-09-07,weekend,5,29.094573,5.727011
2,2025-09-07,weekend,6,29.476454,7.526874
2,2025-09-07,weekend,7,30.107802,7.703145
2,2025-09-07,weekend,8,30.331565,7.947898
2,2025-09-07,weekend,9,30.201741,7.614910
2,2025-09-07,weekend,10,30.295058,7.588279
2,2025-09-07,weekend,11,29.760176,7.264104
2,2025-09-07,weekend,12,28.473237,5.650545
2,2025-09-07,weekend,13,28.998999,6.219108
2,2025-09-07,weekend,14,30.138331,7.281519
2,2025-09-07,weekend,15,29.768209,7.646813
2,2025-09-07,weekend,16,30.356550,7.685778
2,2025-09-07,weekend,17,31.016670,7.775229
2,2025-09-07,weekend,18,31.381025,8.428028
2,2025-09-07,weekend,19,31.082079,9.094448
2,2025-09-07,weekend,20,30.293773,9.102742
2,2025-09-07,weekend,21,28.796956,10.670011
2,2025-09-07,weekend,22,27.816689,12.062751
2,2025-09-07,weekend,23,27.364737,12.995062
2,2025-09-07,weekend,24,26.087859,12.661932
2,2025-09-07,weekend,25,25.716797,12.365912
2,2025-09-07,weekend,26,25.020624,13.338043
2,2025-09-07,weekend,27,26.054142,14.722984
2,2025-09-07,weekend,28,62.204305,33.914157
2,2025-09-07,weekend,29,212.388680,79.852758
2,2025-09-07,weekend,30,287.264630,117.003220
2,2025-09-07,weekend,31,291.351240,135.986561
2,2025-09-07,weekend,32,294.959697,154.288619
2,2025-09-07,weekend,33,297.911551,174.016466
2,2025-09-07,weekend,34,297.467069,180.298976
2,2025-09-07,weekend,35,301.760918,191.592225
2,2025-09-07,weekend,36,315.441272,200.866830
2,2025-09-07,weekend,37,319.054793,203.824173
2,2025-09-07,weekend,38,323.770850,220.665033
2,2025-09-07,weekend,39,326.595653,231.769284
2,2025-09-07,weekend,40,316.449385,237.365381
2,2025-09-07,weekend,41,334.837048,243.968012
2,2025-09-07,weekend,42,339.924045,256.595368
2,2025-09-07,weekend,43,349.208883,277.219614
2,2025-09-07,weekend,44,352.437171,279.974066
2,2025-09-07,weekend,45,347.094653,270.513108
2,2025-09-07,weekend,46,339.818136,268.499191
2,2025-09-07,weekend,47,333.337518,253.133224
2,2025-09-07,weekend,48,260.013796,215.795996
2,2025-09-07,weekend,49,281.024345,224.462216
2,2025-09-07,weekend,50,307.691745,246.259886
2,2025-09-07,weekend,51,312.293243,233.969316
2,2025-09-07,weekend,52,318.557813,239.671397
2,2025-09-07,weekend,53,322.624253,245.426101
2,2025-09-07,weekend,54,341.184198,244.133631
2,2025-09-07,weekend,55,363.169667,251.763453
2,2025-09-07,weekend,56,365.740437,261.798948
2,2025-09-07,weekend,57,367.919636,254.965138
2,2025-09-07,weekend,58,363.807630,229.505891
2,2025-09-07,weekend,59,344.538704,221.572011
2,2025-09-07,weekend,60,315.390925,199.878560
2,2025-09-07,weekend,61,310.117862,195.186594
2,2025-09-07,weekend,62,299.760121,178.936028
2,2025-09-07,weekend,63,219.831379,126.757413
2,2025-09-07,weekend,64,112.448953,63.785052
2,2025-09-07,weekend,65,106.632529,60.279718
2,2025-09-07,weekend,66,98.289013,52.323490
2,2025-09-07,weekend,67,63.462441,37.753234
2,2025-09-07,weekend,68,25.835183,18.452086
2,2025-09-07,weekend,69,23.520847,13.383480
2,2025-09-07,weekend,70,23.251328,9.797423
2,2025-09-07,weekend,71,23.438468,6.463335
2,2025-09-07,weekend,72,24.370430,3.831432
2,2025-09-07,weekend,73,29.128786,1.891825
2,2025-09-07,weekend,74,29.191366,0.325745
2,2025-09-07,weekend,75,27.855680,0.003794
2,2025-09-07,weekend,76,28.510701,0.000000
2,2025-09-07,weekend,77,28.543704,0.000000
2,2025-09-07,weekend,78,27.878628,0.000000
2,2025-09-07,weekend,79,27.376250,0.000000
2,2025-09-07,weekend,80,26.793875,0.000000
2,2025-09-07,weekend,81,26.909101,0.000000
2,2025-09-07,weekend,82,26.568589,0.000000
2,2025-09-07,weekend,83,25.389360,0.000000
2,2025-09-07,weekend,84,23.567382,0.000000
2,2025-09-07,weekend,85,23.267843,0.000000
2,2025-09-07,weekend,86,23.031668,0.000000
2,2025-09-07,weekend,87,23.224088,0.000000
2,2025-09-07,weekend,88,23.332589,0.000000
2,2025-09-07,weekend,89,23.308333,0.000000
2,2025-09-07,weekend,90,23.244855,0.005025
2,2025-09-07,weekend,91,22.883706,0.092029
2,2025-09-07,weekend,92,22.707159,0.275323
2,2025-09-07,weekend,93,22.445748,0.246143
2,2025-09-07,weekend,94,22.165130,0.261449
2,2025-09-07,weekend,95,21.800360,0.258687
3,2025-09-08,working,0,20.867039,6.820955
3,2025-09-08,working,1,19.956617,1.564085
3,2025-09-08,working,2,20.129420,0.007246
3,2025-09-08,working,3,20.280731,0.060740
3,2025-09-08,working,4,21.049219,0.150228
3,2025-09-08,working,5,21.907101,0.225791
3,2025-09-08,working,6,22.464620,0.289664
3,2025-09-08,working,7,24.099170,0.851342
3,2025-09-08,working,8,25.577573,1.049009
3,2025-09-08,working,9,25.576134,1.336801
3,2025-09-08,working,10,25.546151,1.518398
3,2025-09-08,working,11,25.781651,1.930381
3,2025-09-08,working,12,26.475724,1.585543
3,2025-09-08,working,13,26.469729,2.236868
3,2025-09-08,working,14,26.398343,3.257030
3,2025-09-08,working,15,27.788174,3.479857
3,2025-09-08,working,16,28.907693,2.956656
3,2025-09-08,working,17,29.096510,3.949670
3,2025-09-08,working,18,29.462210,4.100146
3,2025-09-08,working,19,28.161320,4.115300
3,2025-09-08,working,20,28.065955,4.575896
3,2025-09-08,working,21,26.331669,5.788458
3,2025-09-08,working,22,25.434247,6.877934
3,2025-09-08,working,23,28.391610,8.621658
3,2025-09-08,working,24,28.843665,10.114138
3,2025-09-08,working,25,29.040806,12.287857
3,2025-09-08,working,26,29.526935,14.580832
3,2025-09-08,working,27,32.329035,20.737345
3,2025-09-08,working,28,99.765789,52.284029
3,2025-09-08,working,29,425.333135,137.614974
3,2025-09-08,working,30,550.016472,187.762587
3,2025-09-08,working,31,550.419930,225.178424
3,2025-09-08,working,32,557.287864,267.939480
3,2025-09-08,working,33,564.187851,302.658276
3,2025-09-08,working,34,565.169675,316.519759
3,2025-09-08,working,35,570.612486,340.360705
3,2025-09-08,working,36,593.122414,374.526854
3,2025-09-08,working,37,599.288018,401.624231
3,2025-09-08,working,38,607.067067,411.517913
3,2025-09-08,working,39,609.798874,420.220621
3,2025-09-08,working,40,594.171752,427.335356
3,2025-09-08,working,41,620.063571,451.406673
3,2025-09-08,working,42,634.151428,464.936114
3,2025-09-08,working,43,648.371518,479.221539
3,2025-09-08,working,44,660.220282,481.011177
3,2025-09-08,working,45,643.491176,487.439547
3,2025-09-08,working,46,627.512985,473.825132
3,2025-09-08,working,47,616.733449,466.384539
3,2025-09-08,working,48,465.117948,368.343303
3,2025-09-08,working,49,513.449105,405.417415
3,2025-09-08,working,50,564.481701,438.439613
3,2025-09-08,working,51,575.135733,446.393576
3,2025-09-08,working,52,582.507236,452.812309
3,2025-09-08,working,53,589.956121,452.383530
3,2025-09-08,working,54,616.896802,460.350176
3,2025-09-08,working,55,665.293192,481.774352
3,2025-09-08,working,56,680.406549,477.502195
3,2025-09-08,working,57,685.788563,465.610550
3,2025-09-08,working,58,685.944582,446.579563
3,2025-09-08,working,59,666.731658,419.650872
3,2025-09-08,working,60,617.648254,378.161930
3,2025-09-08,working,61,607.656578,356.322390
3,2025-09-08,working,62,597.257773,324.921123
3,2025-09-08,working,63,574.947006,292.123822
3,2025-09-08,working,64,540.963836,248.978174
3,2025-09-08,working,65,527.603208,207.326929
3,2025-09-08,working,66,496.214274,165.710758
3,2025-09-08,working,67,423.956922,122.796410
3,2025-09-08,working,68,319.218567,77.922736
3,2025-09-08,working,69,226.155068,55.030170
3,2025-09-08,working,70,122.087324,25.191385
3,2025-09-08,working,71,65.655669,13.729110
3,2025-09-08,working,72,29.135567,7.139861
3,2025-09-08,working,73,33.285362,4.349300
3,2025-09-08,working,74,32.472755,2.554087
3,2025-09-08,working,75,29.704994,0.016925
3,2025-09-08,working,76,30.101704,0.001548
3,2025-09-08,working,77,29.803490,0.000000
3,2025-09-08,working,78,29.271054,0.000000
3,2025-09-08,working,79,29.025754,0.000000
3,2025-09-08,working,80,28.578456,0.000000
3,2025-09-08,working,81,28.068490,0.000000
3,2025-09-08,working,82,27.445385,0.000000
3,2025-09-08,working,83,26.746717,0.000000
3,2025-09-08,working,84,25.198346,0.000000
3,2025-09-08,working,85,24.763684,0.000000
3,2025-09-08,working,86,24.669084,0.000000
3,2025-09-08,working,87,24.521631,0.000000
3,2025-09-08,working,88,24.581805,0.000000
3,2025-09-08,working,89,24.730279,2.935560
3,2025-09-08,working,90,24.324348,3.080970
3,2025-09-08,working,91,24.196850,0.000000
3,2025-09-08,working,92,23.765920,0.000000
3,2025-09-08,working,93,23.427473,1.626522
3,2025-09-08,working,94,22.833319,1.099126
3,2025-09-08,working,95,23.783558,0.556740
4,2025-09-09,working,0,20.867039,6.820955
4,2025-09-09,working,1,19.956617,1.564085
4,2025-09-09,working,2,20.129420,0.007246
4,2025-09-09,working,3,20.280731,0.060740
4,2025-09-09,working,4,21.049219,0.150228
4,2025-09-09,working,5,21.907101,0.225791
4,2025-09-09,working,6,22.464620,0.289664
4,2025-09-09,working,7,24.099170,0.851342
4,2025-09-09,working,8,25.577573,1.049009
4,2025-09-09,working,9,25.576134,1.336801
4,2025-09-09,working,10,25.546151,1.518398
4,2025-09-09,working,11,25.781651,1.930381
4,2025-09-09,working,12,26.475724,1.585543
4,2025-09-09,working,13,26.469729,2.236868
4,2025-09-09,working,14,26.398343,3.257030
4,2025-09-09,working,15,27.788174,3.479857
4,2025-09-09,working,16,28.907693,2.956656
4,2025-09-09,working,17,29.096510,3.949670
4,2025-09-09,working,18,29.462210,4.100146
4,2025-09-09,working,19,28.161320,4.115300
4,2025-09-09,working,20,28.065955,4.575896
4,2025-09-09,working,21,26.331669,5.788458
4,2025-09-09,working,22,25.434247,6.877934
4,2025-09-09,working,23,28.391610,8.621658
4,2025-09-09,working,24,28.843665,10.114138
4,2025-09-09,working,25,29.040806,12.287857
4,2025-09-09,working,26,29.526935,14.580832
4,2025-09-09,working,27,32.329035,20.737345
4,2025-09-09,working,28,99.765789,52.284029
4,2025-09-09,working,29,425.333135,137.614974
4,2025-09-09,working,30,550.016472,187.762587
4,2025-09-09,working,31,550.419930,225.178424
4,2025-09-09,working,32,557.287864,267.939480
4,2025-09-09,working,33,564.187851,302.658276
4,2025-09-09,working,34,565.169675,316.519759
4,2025-09-09,working,35,570.612486,340.360705
4,2025-09-09,working,36,593.122414,374.526854
4,2025-09-09,working,37,599.288018,401.624231
4,2025-09-09,working,38,607.067067,411.517913
4,2025-09-09,working,39,609.798874,420.220621
4,2025-09-09,working,40,594.171752,427.335356
4,2025-09-09,working,41,620.063571,451.406673
4,2025-09-09,working,42,634.151428,464.936114
4,2025-09-09,working,43,648.371518,479.221539
4,2025-09-09,working,44,660.220282,481.011177
4,2025-09-09,working,45,643.491176,487.439547
4,2025-09-09,working,46,627.512985,473.825132
4,2025-09-09,working,47,616.733449,466.384539
4,2025-09-09,working,48,465.117948,368.343303
4,2025-09-09,working,49,513.449105,405.417415
4,2025-09-09,working,50,564.481701,438.439613
4,2025-09-09,working,51,575.135733,446.393576
4,2025-09-09,working,52,582.507236,452.812309
4,2025-09-09,working,53,589.956121,452.383530
4,2025-09-09,working,54,616.896802,460.350176
4,2025-09-09,working,55,665.293192,481.774352
4,2025-09-09,working,56,680.406549,477.502195
4,2025-09-09,working,57,685.788563,465.610550
4,2025-09-09,working,58,685.944582,446.579563
4,2025-09-09,working,59,666.731658,419.650872
4,2025-09-09,working,60,617.648254,378.161930
4,2025-09-09,working,61,607.656578,356.322390
4,2025-09-09,working,62,597.257773,324.921123
4,2025-09-09,working,63,574.947006,292.123822
4,2025-09-09,working,64,540.963836,248.978174
4,2025-09-09,working,65,527.603208,207.326929
4,2025-09-09,working,66,496.214274,165.710758
4,2025-09-09,working,67,423.956922,122.796410
4,2025-09-09,working,68,319.218567,77.922736
4,2025-09-09,working,69,226.155068,55.030170
4,2025-09-09,working,70,122.087324,25.191385
4,2025-09-09,working,71,65.655669,13.729110
4,2025-09-09,working,72,29.135567,7.139861
4,2025-09-09,working,73,33.285362,4.349300
4,2025-09-09,working,74,32.472755,2.554087
4,2025-09-09,working,75,29.704994,0.016925
4,2025-09-09,working,76,30.101704,0.001548
4,2025-09-09,working,77,29.803490,0.000000
4,2025-09-09,working,78,29.271054,0.000000
4,2025-09-09,working,79,29.025754,0.000000
4,2025-09-09,working,80,28.578456,0.000000
4,2025-09-09,working,81,28.068490,0.000000
4,2025-09-09,working,82,27.445385,0.000000
4,2025-09-09,working,83,26.746717,0.000000
4,2025-09-09,working,84,25.198346,0.000000
4,2025-09-09,working,85,24.763684,0.000000
4,2025-09-09,working,86,24.669084,0.000000
4,2025-09-09,working,87,24.521631,0.000000
4,2025-09-09,working,88,24.581805,0.000000
4,2025-09-09,working,89,24.730279,2.935560
4,2025-09-09,working,90,24.324348,3.080970
4,2025-09-09,working,91,24.196850,0.000000
4,2025-09-09,working,92,23.765920,0.000000
4,2025-09-09,working,93,23.427473,1.626522
4,2025-09-09,working,94,22.833319,1.099126
4,2025-09-09,working,95,23.783558,0.556740
5,2025-09-10,working,0,20.867039,6.820955
5,2025-09-10,working,1,19.956617,1.564085
5,2025-09-10,working,2,20.129420,0.007246
5,2025-09-10,working,3,20.280731,0.060740
5,2025-09-10,working,4,21.049219,0.150228
5,2025-09-10,working,5,21.907101,0.225791
5,2025-09-10,working,6,22.464620,0.289664
5,2025-09-10,working,7,24.099170,0.851342
5,2025-09-10,working,8,25.577573,1.049009
5,2025-09-10,working,9,25.576134,1.336801
5,2025-09-10,working,10,25.546151,1.518398
5,2025-09-10,working,11,25.781651,1.930381
5,2025-09-10,working,12,26.475724,1.585543
5,2025-09-10,working,13,26.469729,2.236868
5,2025-09-10,working,14,26.398343,3.257030
5,2025-09-10,working,15,27.788174,3.479857
5,2025-09-10,working,16,28.907693,2.956656
5,2025-09-10,working,17,29.096510,3.949670
5,2025-09-10,working,18,29.462210,4.100146
5,2025-09-10,working,19,28.161320,4.115300
5,2025-09-10,working,20,28.065955,4.575896
5,2025-09-10,working,21,26.331669,5.788458
5,2025-09-10,working,22,25.434247,6.877934
5,2025-09-10,working,23,28.391610,8.621658
5,2025-09-10,working,24,28.843665,10.114138
5,2025-09-10,working,25,29.040806,12.287857
5,2025-09-10,working,26,29.526935,14.580832
5,2025-09-10,working,27,32.329035,20.737345
5,2025-09-10,working,28,99.765789,52.284029
5,2025-09-10,working,29,425.333135,137.614974
5,2025-09-10,working,30,550.016472,187.762587
5,2025-09-10,working,31,550.419930,225.178424
5,2025-09-10,working,32,557.287864,267.939480
5,2025-09-10,working,33,564.187851,302.658276
5,2025-09-10,working,34,565.169675,316.519759
5,2025-09-10,working,35,570.612486,340.360705
5,2025-09-10,working,36,593.122414,374.526854
5,2025-09-10,working,37,599.288018,401.624231
5,2025-09-10,working,38,607.067067,411.517913
5,2025-09-10,working,39,609.798874,420.220621
5,2025-09-10,working,40,594.171752,427.335356
5,2025-09-10,working,41,620.063571,451.406673
5,2025-09-10,working,42,634.151428,464.936114
5,2025-09-10,working,43,648.371518,479.221539
5,2025-09-10,working,44,660.220282,481.011177
5,2025-09-10,working,45,643.491176,487.439547
5,2025-09-10,working,46,627.512985,473.825132
5,2025-09-10,working,47,616.733449,466.384539
5,2025-09-10,working,48,465.117948,368.343303
5,2025-09-10,working,49,513.449105,405.417415
5,2025-09-10,working,50,564.481701,438.439613
5,2025-09-10,working,51,575.135733,446.393576
5,2025-09-10,working,52,582.507236,452.812309
5,2025-09-10,working,53,589.956121,452.383530
5,2025-09-10,working,54,616.896802,460.350176
5,2025-09-10,working,55,665.293192,481.774352
5,2025-09-10,working,56,680.406549,477.502195
5,2025-09-10,working,57,685.788563,465.610550
5,2025-09-10,working,58,685.944582,446.579563
5,2025-09-10,working,59,666.731658,419.650872
5,2025-09-10,working,60,617.648254,378.161930
5,2025-09-10,working,61,607.656578,356.322390
5,2025-09-10,working,62,597.257773,324.921123
5,2025-09-10,working,63,574.947006,292.123822
5,2025-09-10,working,64,540.963836,248.978174
5,2025-09-10,working,65,527.603208,207.326929
5,2025-09-10,working,66,496.214274,165.710758
5,2025-09-10,working,67,423.956922,122.796410
5,2025-09-10,working,68,319.218567,77.922736
5,2025-09-10,working,69,226.155068,55.030170
5,2025-09-10,working,70,122.087324,25.191385
5,2025-09-10,working,71,65.655669,13.729110
5,2025-09-10,working,72,29.135567,7.139861
5,2025-09-10,working,73,33.285362,4.349300
5,2025-09-10,working,74,32.472755,2.554087
5,2025-09-10,working,75,29.704994,0.016925
5,2025-09-10,working,76,30.101704,0.001548
5,2025-09-10,working,77,29.803490,0.000000
5,2025-09-10,working,78,29.271054,0.000000
5,2025-09-10,working,79,29.025754,0.000000
5,2025-09-10,working,80,28.578456,0.000000
5,2025-09-10,working,81,28.068490,0.000000
5,2025-09-10,working,82,27.445385,0.000000
5,2025-09-10,working,83,26.746717,0.000000
5,2025-09-10,working,84,25.198346,0.000000
5,2025-09-10,working,85,24.763684,0.000000
5,2025-09-10,working,86,24.669084,0.000000
5,2025-09-10,working,87,24.521631,0.000000
5,2025-09-10,working,88,24.581805,0.000000
5,2025-09-10,working,89,24.730279,2.935560
5,2025-09-10,working,90,24.324348,3.080970
5,2025-09-10,working,91,24.196850,0.000000
5,2025-09-10,working,92,23.765920,0.000000
5,2025-09-10,working,93,23.427473,1.626522
5,2025-09-10,working,94,22.833319,1.099126
5,2025-09-10,working,95,23.783558,0.556740
6,2025-09-11,working,0,20.867039,6.820955
6,2025-09-11,working,1,19.956617,1.564085
6,2025-09-11,working,2,20.129420,0.007246
6,2025-09-11,working,3,20.280731,0.060740
6,2025-09-11,working,4,21.049219,0.150228
6,2025-09-11,working,5,21.907101,0.225791
6,2025-09-11,working,6,22.464620,0.289664
6,2025-09-11,working,7,24.099170,0.851342
6,2025-09-11,working,8,25.577573,1.049009
6,2025-09-11,working,9,25.576134,1.336801
6,2025-09-11,working,10,25.546151,1.518398
6,2025-09-11,working,11,25.781651,1.930381
6,2025-09-11,working,12,26.475724,1.585543
6,2025-09-11,working,13,26.469729,2.236868
6,2025-09-11,working,14,26.398343,3.257030
6,2025-09-11,working,15,27.788174,3.479857
6,2025-09-11,working,16,28.907693,2.956656
6,2025-09-11,working,17,29.096510,3.949670
6,2025-09-11,working,18,29.462210,4.100146
6,2025-09-11,working,19,28.161320,4.115300
6,2025-09-11,working,20,28.065955,4.575896
6,2025-09-11,working,21,26.331669,5.788458
6,2025-09-11,working,22,25.434247,6.877934
6,2025-09-11,working,23,28.391610,8.621658
6,2025-09-11,working,24,28.843665,10.114138
6,2025-09-11,working,25,29.040806,12.287857
6,2025-09-11,working,26,29.526935,14.580832
6,2025-09-11,working,27,32.329035,20.737345
6,2025-09-11,working,28,99.765789,52.284029
6,2025-09-11,working,29,425.333135,137.614974
6,2025-09-11,working,30,550.016472,187.762587
6,2025-09-11,working,31,550.419930,225.178424
6,2025-09-11,working,32,557.287864,267.939480
6,2025-09-11,working,33,564.187851,302.658276
6,2025-09-11,working,34,565.169675,316.519759
6,2025-09-11,working,35,570.612486,340.360705
6,2025-09-11,working,36,593.122414,374.526854
6,2025-09-11,working,37,599.288018,401.624231
6,2025-09-11,working,38,607.067067,411.517913
6,2025-09-11,working,39,609.798874,420.220621
6,2025-09-11,working,40,594.171752,427.335356
6,2025-09-11,working,41,620.063571,451.406673
6,2025-09-11,working,42,634.151428,464.936114
6,2025-09-11,working,43,648.371518,479.221539
6,2025-09-11,working,44,660.220282,481.011177
6,2025-09-11,working,45,643.491176,487.439547
6,2025-09-11,working,46,627.512985,473.825132
6,2025-09-11,working,47,616.733449,466.384539
6,2025-09-11,working,48,465.117948,368.343303
6,2025-09-11,working,49,513.449105,405.417415
6,2025-09-11,working,50,564.481701,438.439613
6,2025-09-11,working,51,575.135733,446.393576
6,2025-09-11,working,52,582.507236,452.812309
6,2025-09-11,working,53,589.956121,452.383530
6,2025-09-11,working,54,616.896802,460.350176
6,2025-09-11,working,55,665.293192,481.774352
6,2025-09-11,working,56,680.406549,477.502195
6,2025-09-11,working,57,685.788563,465.610550
6,2025-09-11,working,58,685.944582,446.579563
6,2025-09-11,working,59,666.731658,419.650872
6,2025-09-11,working,60,617.648254,378.161930
6,2025-09-11,working,61,607.656578,356.322390
6,2025-09-11,working,62,597.257773,324.921123
6,2025-09-11,working,63,574.947006,292.123822
6,2025-09-11,working,64,540.963836,248.978174
6,2025-09-11,working,65,527.603208,207.326929
6,2025-09-11,working,66,496.214274,165.710758
6,2025-09-11,working,67,423.956922,122.796410
6,2025-09-11,working,68,319.218567,77.922736
6,2025-09-11,working,69,226.155068,55.030170
6,2025-09-11,working,70,122.087324,25.191385
6,2025-09-11,working,71,65.655669,13.729110
6,2025-09-11,working,72,29.135567,7.139861
6,2025-09-11,working,73,33.285362,4.349300
6,2025-09-11,working,74,32.472755,2.554087
6,2025-09-11,working,75,29.704994,0.016925
6,2025-09-11,working,76,30.101704,0.001548
6,2025-09-11,working,77,29.803490,0.000000
6,2025-09-11,working,78,29.271054,0.000000
6,2025-09-11,working,79,29.025754,0.000000
6,2025-09-11,working,80,28.578456,0.000000
6,2025-09-11,working,81,28.068490,0.000000
6,2025-09-11,working,82,27.445385,0.000000
6,2025-09-11,working,83,26.746717,0.000000
6,2025-09-11,working,84,25.198346,0.000000
6,2025-09-11,working,85,24.763684,0.000000
6,2025-09-11,working,86,24.669084,0.000000
6,2025-09-11,working,87,24.521631,0.000000
6,2025-09-11,working,88,24.581805,0.000000
6,2025-09-11,working,89,24.730279,2.935560
6,2025-09-11,working,90,24.324348,3.080970
6,2025-09-11,working,91,24.196850,0.000000
6,2025-09-11,working,92,23.765920,0.000000
6,2025-09-11,working,93,23.427473,1.626522
6,2025-09-11,working,94,22.833319,1.099126
6,2025-09-11,working,95,23.783558,0.556740
7,2025-09-12,working,0,20.867039,6.820955
7,2025-09-12,working,1,19.956617,1.564085
7,2025-09-12,working,2,20.129420,0.007246
7,2025-09-12,working,3,20.280731,0.060740
7,2025-09-12,working,4,21.049219,0.150228
7,2025-09-12,working,5,21.907101,0.225791
7,2025-09-12,working,6,22.464620,0.289664
7,2025-09-12,working,7,24.099170,0.851342
7,2025-09-12,working,8,25.577573,1.049009
7,2025-09-12,working,9,25.576134,1.336801
7,2025-09-12,working,10,25.546151,1.518398
7,2025-09-12,working,11,25.781651,1.930381
7,2025-09-12,working,12,26.475724,1.585543
7,2025-09-12,working,13,26.469729,2.236868
7,2025-09-12,working,14,26.398343,3.257030
7,2025-09-12,working,15,27.788174,3.479857
7,2025-09-12,working,16,28.907693,2.956656
7,2025-09-12,working,17,29.096510,3.949670
7,2025-09-12,working,18,29.462210,4.100146
7,2025-09-12,working,19,28.161320,4.115300
7,2025-09-12,working,20,28.065955,4.575896
7,2025-09-12,working,21,26.331669,5.788458
7,2025-09-12,working,22,25.434247,6.877934
7,2025-09-12,working,23,28.391610,8.621658
7,2025-09-12,working,24,28.843665,10.114138
7,2025-09-12,working,25,29.040806,12.287857
7,2025-09-12,working,26,29.526935,14.580832
7,2025-09-12,working,27,32.329035,20.737345
7,2025-09-12,working,28,99.765789,52.284029
7,2025-09-12,working,29,425.333135,137.614974
7,2025-09-12,working,30,550.016472,187.762587
7,2025-09-12,working,31,550.419930,225.178424
7,2025-09-12,working,32,557.287864,267.939480
7,2025-09-12,working,33,564.187851,302.658276
7,2025-09-12,working,34,565.169675,316.519759
7,2025-09-12,working,35,570.612486,340.360705
7,2025-09-12,working,36,593.122414,374.526854
7,2025-09-12,working,37,599.288018,401.624231
7,2025-09-12,working,38,607.067067,411.517913
7,2025-09-12,working,39,609.798874,420.220621
7,2025-09-12,working,40,594.171752,427.335356
7,2025-09-12,working,41,620.063571,451.406673
7,2025-09-12,working,42,634.151428,464.936114
7,2025-09-12,working,43,648.371518,479.221539
7,2025-09-12,working,44,660.220282,481.011177
7,2025-09-12,working,45,643.491176,487.439547
7,2025-09-12,working,46,627.512985,473.825132
7,2025-09-12,working,47,616.733449,466.384539
7,2025-09-12,working,48,465.117948,368.343303
7,2025-09-12,working,49,513.449105,405.417415
7,2025-09-12,working,50,564.481701,438.439613
7,2025-09-12,working,51,575.135733,446.393576
7,2025-09-12,working,52,582.507236,452.812309
7,2025-09-12,working,53,589.956121,452.383530
7,2025-09-12,working,54,616.896802,460.350176
7,2025-09-12,working,55,665.293192,481.774352
7,2025-09-12,working,56,680.406549,477.502195
7,2025-09-12,working,57,685.788563,465.610550
7,2025-09-12,working,58,685.944582,446.579563
7,2025-09-12,working,59,666.731658,419.650872
7,2025-09-12,working,60,617.648254,378.161930
7,2025-09-12,working,61,607.656578,356.322390
7,2025-09-12,working,62,597.257773,324.921123
7,2025-09-12,working,63,574.947006,292.123822
7,2025-09-12,working,64,540.963836,248.978174
7,2025-09-12,working,65,527.603208,207.326929
7,2025-09-12,working,66,496.214274,165.710758
7,2025-09-12,working,67,423.956922,122.796410
7,2025-09-12,working,68,319.218567,77.922736
7,2025-09-12,working,69,226.155068,55.030170
7,2025-09-12,working,70,122.087324,25.191385
7,2025-09-12,working,71,65.655669,13.729110
7,2025-09-12,working,72,29.135567,7.139861
7,2025-09-12,working,73,33.285362,4.349300
7,2025-09-12,working,74,32.472755,2.554087
7,2025-09-12,working,75,29.704994,0.016925
7,2025-09-12,working,76,30.101704,0.001548
7,2025-09-12,working,77,29.803490,0.000000
7,2025-09-12,working,78,29.271054,0.000000
7,2025-09-12,working,79,29.025754,0.000000
7,2025-09-12,working,80,28.578456,0.000000
7,2025-09-12,working,81,28.068490,0.000000
7,2025-09-12,working,82,27.445385,0.000000
7,2025-09-12,working,83,26.746717,0.000000
7,2025-09-12,working,84,25.198346,0.000000
7,2025-09-12,working,85,24.763684,0.000000
7,2025-09-12,working,86,24.669084,0.000000
7,2025-09-12,working,87,24.521631,0.000000
7,2025-09-12,working,88,24.581805,0.000000
7,2025-09-12,working,89,24.730279,2.935560
7,2025-09-12,working,90,24.324348,3.080970
7,2025-09-12,working,91,24.196850,0.000000
7,2025-09-12,working,92,23.765920,0.000000
7,2025-09-12,working,93,23.427473,1.626522
7,2025-09-12,working,94,22.833319,1.099126
7,2025-09-12,working,95,23.783558,0.556740
8,2025-09-13,weekend,0,28.777876,11.916411
8,2025-09-13,weekend,1,27.611885,6.366029
8,2025-09-13,weekend,2,27.455722,7.513622
8,2025-09-13,weekend,3,27.366458,7.252029
8,2025-09-13,weekend,4,27.943118,7.448966
8,2025-09-13,weekend,5,29.094573,5.727011
8,2025-09-13,weekend,6,29.476454,7.526874
8,2025-09-13,weekend,7,30.107802,7.703145
8,2025-09-13,weekend,8,30.331565,7.947898
8,2025-09-13,weekend,9,30.201741,7.614910
8,2025-09-13,weekend,10,30.295058,7.588279
8,2025-09-13,weekend,11,29.760176,7.264104
8,2025-09-13,weekend,12,28.473237,5.650545
8,2025-09-13,weekend,13,28.998999,6.219108
8,2025-09-13,weekend,14,30.138331,7.281519
8,2025-09-13,weekend,15,29.768209,7.646813
8,2025-09-13,weekend,16,30.356550,7.685778
8,2025-09-13,weekend,17,31.016670,7.775229
8,2025-09-13,weekend,18,31.381025,8.428028
8,2025-09-13,weekend,19,31.082079,9.094448
8,2025-09-13,weekend,20,30.293773,9.102742
8,2025-09-13,weekend,21,28.796956,10.670011
8,2025-09-13,weekend,22,27.816689,12.062751
8,2025-09-13,weekend,23,27.364737,12.995062
8,2025-09-13,weekend,24,26.087859,12.661932
8,2025-09-13,weekend,25,25.716797,12.365912
8,2025-09-13,weekend,26,25.020624,13.338043
8,2025-09-13,weekend,27,26.054142,14.722984
8,2025-09-13,weekend,28,62.204305,33.914157
8,2025-09-13,weekend,29,212.388680,79.852758
8,2025-09-13,weekend,30,287.264630,117.003220
8,2025-09-13,weekend,31,291.351240,135.986561
8,2025-09-13,weekend,32,294.959697,154.288619
8,2025-09-13,weekend,33,297.911551,174.016466
8,2025-09-13,weekend,34,297.467069,180.298976
8,2025-09-13,weekend,35,301.760918,191.592225
8,2025-09-13,weekend,36,315.441272,200.866830
8,2025-09-13,weekend,37,319.054793,203.824173
8,2025-09-13,weekend,38,323.770850,220.665033
8,2025-09-13,weekend,39,326.595653,231.769284
8,2025-09-13,weekend,40,316.449385,237.365381
8,2025-09-13,weekend,41,334.837048,243.968012
8,2025-09-13,weekend,42,339.924045,256.595368
8,2025-09-13,weekend,43,349.208883,277.219614
8,2025-09-13,weekend,44,352.437171,279.974066
8,2025-09-13,weekend,45,347.094653,270.513108
8,2025-09-13,weekend,46,339.818136,268.499191
8,2025-09-13,weekend,47,333.337518,253.133224
8,2025-09-13,weekend,48,260.013796,215.795996
8,2025-09-13,weekend,49,281.024345,224.462216
8,2025-09-13,weekend,50,307.691745,246.259886
8,2025-09-13,weekend,51,312.293243,233.969316
8,2025-09-13,weekend,52,318.557813,239.671397
8,2025-09-13,weekend,53,322.624253,245.426101
8,2025-09-13,weekend,54,341.184198,244.133631
8,2025-09-13,weekend,55,363.169667,251.763453
8,2025-09-13,weekend,56,365.740437,261.798948
8,2025-09-13,weekend,57,367.919636,254.965138
8,2025-09-13,weekend,58,363.807630,229.505891
8,2025-09-13,weekend,59,344.538704,221.572011
8,2025-09-13,weekend,60,315.390925,199.878560
8,2025-09-13,weekend,61,310.117862,195.186594
8,2025-09-13,weekend,62,299.760121,178.936028
8,2025-09-13,weekend,63,219.831379,126.757413
8,2025-09-13,weekend,64,112.448953,63.785052
8,2025-09-13,weekend,65,106.632529,60.279718
8,2025-09-13,weekend,66,98.289013,52.323490
8,2025-09-13,weekend,67,63.462441,37.753234
8,2025-09-13,weekend,68,25.835183,18.452086
8,2025-09-13,weekend,69,23.520847,13.383480
8,2025-09-13,weekend,70,23.251328,9.797423
8,2025-09-13,weekend,71,23.438468,6.463335
8,2025-09-13,weekend,72,24.370430,3.831432
8,2025-09-13,weekend,73,29.128786,1.891825
8,2025-09-13,weekend,74,29.191366,0.325745
8,2025-09-13,weekend,75,27.855680,0.003794
8,2025-09-13,weekend,76,28.510701,0.000000
8,2025-09-13,weekend,77,28.543704,0.000000
8,2025-09-13,weekend,78,27.878628,0.000000
8,2025-09-13,weekend,79,27.376250,0.000000
8,2025-09-13,weekend,80,26.793875,0.000000
8,2025-09-13,weekend,81,26.909101,0.000000
8,2025-09-13,weekend,82,26.568589,0.000000
8,2025-09-13,weekend,83,25.389360,0.000000
8,2025-09-13,weekend,84,23.567382,0.000000
8,2025-09-13,weekend,85,23.267843,0.000000
8,2025-09-13,weekend,86,23.031668,0.000000
8,2025-09-13,weekend,87,23.224088,0.000000
8,2025-09-13,weekend,88,23.332589,0.000000
8,2025-09-13,weekend,89,23.308333,0.000000
8,2025-09-13,weekend,90,23.244855,0.005025
8,2025-09-13,weekend,91,22.883706,0.092029
8,2025-09-13,weekend,92,22.707159,0.275323
8,2025-09-13,weekend,93,22.445748,0.246143
8,2025-09-13,weekend,94,22.165130,0.261449
8,2025-09-13,weekend,95,21.800360,0.258687
9,2025-09-14,weekend,0,28.777876,11.916411
9,2025-09-14,weekend,1,27.611885,6.366029
9,2025-09-14,weekend,2,27.455722,7.513622
9,2025-09-14,weekend,3,27.366458,7.252029
9,2025-09-14,weekend,4,27.943118,7.448966
9,2025-09-14,weekend,5,29.094573,5.727011
9,2025-09-14,weekend,6,29.476454,7.526874
9,2025-09-14,weekend,7,30.107802,7.703145
9,2025-09-14,weekend,8,30.331565,7.947898
9,2025-09-14,weekend,9,30.201741,7.614910
9,2025-09-14,weekend,10,30.295058,7.588279
9,2025-09-14,weekend,11,29.760176,7.264104
9,2025-09-14,weekend,12,28.473237,5.650545
9,2025-09-14,weekend,13,28.998999,6.219108
9,2025-09-14,weekend,14,30.138331,7.281519
9,2025-09-14,weekend,15,29.768209,7.646813
9,2025-09-14,weekend,16,30.356550,7.685778
9,2025-09-14,weekend,17,31.016670,7.775229
9,2025-09-14,weekend,18,31.381025,8.428028
9,2025-09-14,weekend,19,31.082079,9.094448
9,2025-09-14,weekend,20,30.293773,9.102742
9,2025-09-14,weekend,21,28.796956,10.670011
9,2025-09-14,weekend,22,27.816689,12.062751
9,2025-09-14,weekend,23,27.364737,12.995062
9,2025-09-14,weekend,24,26.087859,12.661932
9,2025-09-14,weekend,25,25.716797,12.365912
9,2025-09-14,weekend,26,25.020624,13.338043
9,2025-09-14,weekend,27,26.054142,14.722984
9,2025-09-14,weekend,28,62.204305,33.914157
9,2025-09-14,weekend,29,212.388680,79.852758
9,2025-09-14,weekend,30,287.264630,117.003220
9,2025-09-14,weekend,31,291.351240,135.986561
9,2025-09-14,weekend,32,294.959697,154.288619
9,2025-09-14,weekend,33,297.911551,174.016466
9,2025-09-14,weekend,34,297.467069,180.298976
9,2025-09-14,weekend,35,301.760918,191.592225
9,2025-09-14,weekend,36,315.441272,200.866830
9,2025-09-14,weekend,37,319.054793,203.824173
9,2025-09-14,weekend,38,323.770850,220.665033
9,2025-09-14,weekend,39,326.595653,231.769284
9,2025-09-14,weekend,40,316.449385,237.365381
9,2025-09-14,weekend,41,334.837048,243.968012
9,2025-09-14,weekend,42,339.924045,256.595368
9,2025-09-14,weekend,43,349.208883,277.219614
9,2025-09-14,weekend,44,352.437171,279.974066
9,2025-09-14,weekend,45,347.094653,270.513108
9,2025-09-14,weekend,46,339.818136,268.499191
9,2025-09-14,weekend,47,333.337518,253.133224
9,2025-09-14,weekend,48,260.013796,215.795996
9,2025-09-14,weekend,49,281.024345,224.462216
9,2025-09-14,weekend,50,307.691745,246.259886
9,2025-09-14,weekend,51,312.293243,233.969316
9,2025-09-14,weekend,52,318.557813,239.671397
9,2025-09-14,weekend,53,322.624253,245.426101
9,2025-09-14,weekend,54,341.184198,244.133631
9,2025-09-14,weekend,55,363.169667,251.763453
9,2025-09-14,weekend,56,365.740437,261.798948
9,2025-09-14,weekend,57,367.919636,254.965138
9,2025-09-14,weekend,58,363.807630,229.505891
9,2025-09-14,weekend,59,344.538704,221.572011
9,2025-09-14,weekend,60,315.390925,199.878560
9,2025-09-14,weekend,61,310.117862,195.186594
9,2025-09-14,weekend,62,299.760121,178.936028
9,2025-09-14,weekend,63,219.831379,126.757413
9,2025-09-14,weekend,64,112.448953,63.785052
9,2025-09-14,weekend,65,106.632529,60.279718
9,2025-09-14,weekend,66,98.289013,52.323490
9,2025-09-14,weekend,67,63.462441,37.753234
9,2025-09-14,weekend,68,25.835183,18.452086
9,2025-09-14,weekend,69,23.520847,13.383480
9,2025-09-14,weekend,70,23.251328,9.797423
9,2025-09-14,weekend,71,23.438468,6.463335
9,2025-09-14,weekend,72,24.370430,3.831432
9,2025-09-14,weekend,73,29.128786,1.891825
9,2025-09-14,weekend,74,29.191366,0.325745
9,2025-09-14,weekend,75,27.855680,0.003794
9,2025-09-14,weekend,76,28.510701,0.000000
9,2025-09-14,weekend,77,28.543704,0.000000
9,2025-09-14,weekend,78,27.878628,0.000000
9,2025-09-14,weekend,79,27.376250,0.000000
9,2025-09-14,weekend,80,26.793875,0.000000
9,2025-09-14,weekend,81,26.909101,0.000000
9,2025-09-14,weekend,82,26.568589,0.000000
9,2025-09-14,weekend,83,25.389360,0.000000
9,2025-09-14,weekend,84,23.567382,0.000000
9,2025-09-14,weekend,85,23.267843,0.000000
9,2025-09-14,weekend,86,23.031668,0.000000
9,2025-09-14,weekend,87,23.224088,0.000000
9,2025-09-14,weekend,88,23.332589,0.000000
9,2025-09-14,weekend,89,23.308333,0.000000
9,2025-09-14,weekend,90,23.244855,0.005025
9,2025-09-14,weekend,91,22.883706,0.092029
9,2025-09-14,weekend,92,22.707159,0.275323
9,2025-09-14,weekend,93,22.445748,0.246143
9,2025-09-14,weekend,94,22.165130,0.261449
9,2025-09-14,weekend,95,21.800360,0.258687
10,2025-09-15,working,0,20.867039,6.820955
10,2025-09-15,working,1,19.956617,1.564085
10,2025-09-15,working,2,20.129420,0.007246
10,2025-09-15,working,3,20.280731,0.060740
10,2025-09-15,working,4,21.049219,0.150228
10,2025-09-15,working,5,21.907101,0.225791
10,2025-09-15,working,6,22.464620,0.289664
10,2025-09-15,working,7,24.099170,0.851342
10,2025-09-15,working,8,25.577573,1.049009
10,2025-09-15,working,9,25.576134,1.336801
10,2025-09-15,working,10,25.546151,1.518398
10,2025-09-15,working,11,25.781651,1.930381
10,2025-09-15,working,12,26.475724,1.585543
10,2025-09-15,working,13,26.469729,2.236868
10,2025-09-15,working,14,26.398343,3.257030
10,2025-09-15,working,15,27.788174,3.479857
10,2025-09-15,working,16,28.907693,2.956656
10,2025-09-15,working,17,29.096510,3.949670
10,2025-09-15,working,18,29.462210,4.100146
10,2025-09-15,working,19,28.161320,4.115300
10,2025-09-15,working,20,28.065955,4.575896
10,2025-09-15,working,21,26.331669,5.788458
10,2025-09-15,working,22,25.434247,6.877934
10,2025-09-15,working,23,28.391610,8.621658
10,2025-09-15,working,24,28.843665,10.114138
10,2025-09-15,working,25,29.040806,12.287857
10,2025-09-15,working,26,29.526935,14.580832
10,2025-09-15,working,27,32.329035,20.737345
10,2025-09-15,working,28,99.765789,52.284029
10,2025-09-15,working,29,425.333135,137.614974
10,2025-09-15,working,30,550.016472,187.762587
10,2025-09-15,working,31,550.419930,225.178424
10,2025-09-15,working,32,557.287864,267.939480
10,2025-09-15,working,33,564.187851,302.658276
10,2025-09-15,working,34,565.169675,316.519759
10,2025-09-15,working,35,570.612486,340.360705
10,2025-09-15,working,36,593.122414,374.526854
10,2025-09-15,working,37,599.288018,401.624231
10,2025-09-15,working,38,607.067067,411.517913
10,2025-09-15,working,39,609.798874,420.220621
10,2025-09-15,working,40,594.171752,427.335356
10,2025-09-15,working,41,620.063571,451.406673
10,2025-09-15,working,42,634.151428,464.936114
10,2025-09-15,working,43,648.371518,479.221539
10,2025-09-15,working,44,660.220282,481.011177
10,2025-09-15,working,45,643.491176,487.439547
10,2025-09-15,working,46,627.512985,473.825132
10,2025-09-15,working,47,616.733449,466.384539
10,2025-09-15,working,48,465.117948,368.343303
10,2025-09-15,working,49,513.449105,405.417415
10,2025-09-15,working,50,564.481701,438.439613
10,2025-09-15,working,51,575.135733,446.393576
10,2025-09-15,working,52,582.507236,452.812309
10,2025-09-15,working,53,589.956121,452.383530
10,2025-09-15,working,54,616.896802,460.350176
10,2025-09-15,working,55,665.293192,481.774352
10,2025-09-15,working,56,680.406549,477.502195
10,2025-09-15,working,57,685.788563,465.610550
10,2025-09-15,working,58,685.944582,446.579563
10,2025-09-15,working,59,666.731658,419.650872
10,2025-09-15,working,60,617.648254,378.161930
10,2025-09-15,working,61,607.656578,356.322390
10,2025-09-15,working,62,597.257773,324.921123
10,2025-09-15,working,63,574.947006,292.123822
10,2025-09-15,working,64,540.963836,248.978174
10,2025-09-15,working,65,527.603208,207.326929
10,2025-09-15,working,66,496.214274,165.710758
10,2025-09-15,working,67,423.956922,122.796410
10,2025-09-15,working,68,319.218567,77.922736
10,2025-09-15,working,69,226.155068,55.030170
10,2025-09-15,working,70,122.087324,25.191385
10,2025-09-15,working,71,65.655669,13.729110
10,2025-09-15,working,72,29.135567,7.139861
10,2025-09-15,working,73,33.285362,4.349300
10,2025-09-15,working,74,32.472755,2.554087
10,2025-09-15,working,75,29.704994,0.016925
10,2025-09-15,working,76,30.101704,0.001548
10,2025-09-15,working,77,29.803490,0.000000
10,2025-09-15,working,78,29.271054,0.000000
10,2025-09-15,working,79,29.025754,0.000000
10,2025-09-15,working,80,28.578456,0.000000
10,2025-09-15,working,81,28.068490,0.000000
10,2025-09-15,working,82,27.445385,0.000000
10,2025-09-15,working,83,26.746717,0.000000
10,2025-09-15,working,84,25.198346,0.000000
10,2025-09-15,working,85,24.763684,0.000000
10,2025-09-15,working,86,24.669084,0.000000
10,2025-09-15,working,87,24.521631,0.000000
10,2025-09-15,working,88,24.581805,0.000000
10,2025-09-15,working,89,24.730279,2.935560
10,2025-09-15,working,90,24.324348,3.080970
10,2025-09-15,working,91,24.196850,0.000000
10,2025-09-15,working,92,23.765920,0.000000
10,2025-09-15,working,93,23.427473,1.626522
10,2025-09-15,working,94,22.833319,1.099126
10,2025-09-15,working,95,23.783558,0.556740
11,2025-09-16,working,0,20.867039,6.820955
11,2025-09-16,working,1,19.956617,1.564085
11,2025-09-16,working,2,20.129420,0.007246
11,2025-09-16,working,3,20.280731,0.060740
11,2025-09-16,working,4,21.049219,0.150228
11,2025-09-16,working,5,21.907101,0.225791
11,2025-09-16,working,6,22.464620,0.289664
11,2025-09-16,working,7,24.099170,0.851342
11,2025-09-16,working,8,25.577573,1.049009
11,2025-09-16,working,9,25.576134,1.336801
11,2025-09-16,working,10,25.546151,1.518398
11,2025-09-16,working,11,25.781651,1.930381
11,2025-09-16,working,12,26.475724,1.585543
11,2025-09-16,working,13,26.469729,2.236868
11,2025-09-16,working,14,26.398343,3.257030
11,2025-09-16,working,15,27.788174,3.479857
11,2025-09-16,working,16,28.907693,2.956656
11,2025-09-16,working,17,29.096510,3.949670
11,2025-09-16,working,18,29.462210,4.100146
11,2025-09-16,working,19,28.161320,4.115300
11,2025-09-16,working,20,28.065955,4.575896
11,2025-09-16,working,21,26.331669,5.788458
11,2025-09-16,working,22,25.434247,6.877934
11,2025-09-16,working,23,28.391610,8.621658
11,2025-09-16,working,24,28.843665,10.114138
11,2025-09-16,working,25,29.040806,12.287857
11,2025-09-16,working,26,29.526935,14.580832
11,2025-09-16,working,27,32.329035,20.737345
11,2025-09-16,working,28,99.765789,52.284029
11,2025-09-16,working,29,425.333135,137.614974
11,2025-09-16,working,30,550.016472,187.762587
11,2025-09-16,working,31,550.419930,225.178424
11,2025-09-16,working,32,557.287864,267.939480
11,2025-09-16,working,33,564.187851,302.658276
11,2025-09-16,working,34,565.169675,316.519759
11,2025-09-16,working,35,570.612486,340.360705
11,2025-09-16,working,36,593.122414,374.526854
11,2025-09-16,working,37,599.288018,401.624231
11,2025-09-16,working,38,607.067067,411.517913
11,2025-09-16,working,39,609.798874,420.220621
11,2025-09-16,working,40,594.171752,427.335356
11,2025-09-16,working,41,620.063571,451.406673
11,2025-09-16,working,42,634.151428,464.936114
11,2025-09-16,working,43,648.371518,479.221539
11,2025-09-16,working,44,660.220282,481.011177
11,2025-09-16,working,45,643.491176,487.439547
11,2025-09-16,working,46,627.512985,473.825132
11,2025-09-16,working,47,616.733449,466.384539
11,2025-09-16,working,48,465.117948,368.343303
11,2025-09-16,working,49,513.449105,405.417415
11,2025-09-16,working,50,564.481701,438.439613
11,2025-09-16,working,51,575.135733,446.393576
11,2025-09-16,working,52,582.507236,452.812309
11,2025-09-16,working,53,589.956121,452.383530
11,2025-09-16,working,54,616.896802,460.350176
11,2025-09-16,working,55,665.293192,481.774352
11,2025-09-16,working,56,680.406549,477.502195
11,2025-09-16,working,57,685.788563,465.610550
11,2025-09-16,working,58,685.944582,446.579563
11,2025-09-16,working,59,666.731658,419.650872
11,2025-09-16,working,60,617.648254,378.161930
11,2025-09-16,working,61,607.656578,356.322390
11,2025-09-16,working,62,597.257773,324.921123
11,2025-09-16,working,63,574.947006,292.123822
11,2025-09-16,working,64,540.963836,248.978174
11,2025-09-16,working,65,527.603208,207.326929
11,2025-09-16,working,66,496.214274,165.710758
11,2025-09-16,working,67,423.956922,122.796410
11,2025-09-16,working,68,319.218567,77.922736
11,2025-09-16,working,69,226.155068,55.030170
11,2025-09-16,working,70,122.087324,25.191385
11,2025-09-16,working,71,65.655669,13.729110
11,2025-09-16,working,72,29.135567,7.139861
11,2025-09-16,working,73,33.285362,4.349300
11,2025-09-16,working,74,32.472755,2.554087
11,2025-09-16,working,75,29.704994,0.016925
11,2025-09-16,working,76,30.101704,0.001548
11,2025-09-16,working,77,29.803490,0.000000
11,2025-09-16,working,78,29.271054,0.000000
11,2025-09-16,working,79,29.025754,0.000000
11,2025-09-16,working,80,28.578456,0.000000
11,2025-09-16,working,81,28.068490,0.000000
11,2025-09-16,working,82,27.445385,0.000000
11,2025-09-16,working,83,26.746717,0.000000
11,2025-09-16,working,84,25.198346,0.000000
11,2025-09-16,working,85,24.763684,0.000000
11,2025-09-16,working,86,24.669084,0.000000
11,2025-09-16,working,87,24.521631,0.000000
11,2025-09-16,working,88,24.581805,0.000000
11,2025-09-16,working,89,24.730279,2.935560
11,2025-09-16,working,90,24.324348,3.080970
11,2025-09-16,working,91,24.196850,0.000000
11,2025-09-16,working,92,23.765920,0.000000
11,2025-09-16,working,93,23.427473,1.626522
11,2025-09-16,working,94,22.833319,1.099126
11,2025-09-16,working,95,23.783558,0.556740
12,2025-09-17,working,0,20.867039,6.820955
12,2025-09-17,working,1,19.956617,1.564085
12,2025-09-17,working,2,20.129420,0.007246
12,2025-09-17,working,3,20.280731,0.060740
12,2025-09-17,working,4,21.049219,0.150228
12,2025-09-17,working,5,21.907101,0.225791
12,2025-09-17,working,6,22.464620,0.289664
12,2025-09-17,working,7,24.099170,0.851342
12,2025-09-17,working,8,25.577573,1.049009
12,2025-09-17,working,9,25.576134,1.336801
12,2025-09-17,working,10,25.546151,1.518398
12,2025-09-17,working,11,25.781651,1.930381
12,2025-09-17,working,12,26.475724,1.585543
12,2025-09-17,working,13,26.469729,2.236868
12,2025-09-17,working,14,26.398343,3.257030
12,2025-09-17,working,15,27.788174,3.479857
12,2025-09-17,working,16,28.907693,2.956656
12,2025-09-17,working,17,29.096510,3.949670
12,2025-09-17,working,18,29.462210,4.100146
12,2025-09-17,working,19,28.161320,4.115300
12,2025-09-17,working,20,28.065955,4.575896
12,2025-09-17,working,21,26.331669,5.788458
12,2025-09-17,working,22,25.434247,6.877934
12,2025-09-17,working,23,28.391610,8.621658
12,2025-09-17,working,24,28.843665,10.114138
12,2025-09-17,working,25,29.040806,12.287857
12,2025-09-17,working,26,29.526935,14.580832
12,2025-09-17,working,27,32.329035,20.737345
12,2025-09-17,working,28,99.765789,52.284029
12,2025-09-17,working,29,425.333135,137.614974
12,2025-09-17,working,30,550.016472,187.762587
12,2025-09-17,working,31,550.419930,225.178424
12,2025-09-17,working,32,557.287864,267.939480
12,2025-09-17,working,33,564.187851,302.658276
12,2025-09-17,working,34,565.169675,316.519759
12,2025-09-17,working,35,570.612486,340.360705
12,2025-09-17,working,36,593.122414,374.526854
12,2025-09-17,working,37,599.288018,401.624231
12,2025-09-17,working,38,607.067067,411.517913
12,2025-09-17,working,39,609.798874,420.220621
12,2025-09-17,working,40,594.171752,427.335356
12,2025-09-17,working,41,620.063571,451.406673
12,2025-09-17,working,42,634.151428,464.936114
12,2025-09-17,working,43,648.371518,479.221539
12,2025-09-17,working,44,660.220282,481.011177
12,2025-09-17,working,45,643.491176,487.439547
12,2025-09-17,working,46,627.512985,473.825132
12,2025-09-17,working,47,616.733449,466.384539
12,2025-09-17,working,48,465.117948,368.343303
12,2025-09-17,working,49,513.449105,405.417415
12,2025-09-17,working,50,564.481701,438.439613
12,2025-09-17,working,51,575.135733,446.393576
12,2025-09-17,working,52,582.507236,452.812309
12,2025-09-17,working,53,589.956121,452.383530
12,2025-09-17,working,54,616.896802,460.350176
12,2025-09-17,working,55,665.293192,481.774352
12,2025-09-17,working,56,680.406549,477.502195
12,2025-09-17,working,57,685.788563,465.610550
12,2025-09-17,working,58,685.944582,446.579563
12,2025-09-17,working,59,666.731658,419.650872
12,2025-09-17,working,60,617.648254,378.161930
12,2025-09-17,working,61,607.656578,356.322390
12,2025-09-17,working,62,597.257773,324.921123
12,2025-09-17,working,63,574.947006,292.123822
12,2025-09-17,working,64,540.963836,248.978174
12,2025-09-17,working,65,527.603208,207.326929
12,2025-09-17,working,66,496.214274,165.710758
12,2025-09-17,working,67,423.956922,122.796410
12,2025-09-17,working,68,319.218567,77.922736
12,2025-09-17,working,69,226.155068,55.030170
12,2025-09-17,working,70,122.087324,25.191385
12,2025-09-17,working,71,65.655669,13.729110
12,2025-09-17,working,72,29.135567,7.139861
12,2025-09-17,working,73,33.285362,4.349300
12,2025-09-17,working,74,32.472755,2.554087
12,2025-09-17,working,75,29.704994,0.016925
12,2025-09-17,working,76,30.101704,0.001548
12,2025-09-17,working,77,29.803490,0.000000
12,2025-09-17,working,78,29.271054,0.000000
12,2025-09-17,working,79,29.025754,0.000000
12,2025-09-17,working,80,28.578456,0.000000
12,2025-09-17,working,81,28.068490,0.000000
12,2025-09-17,working,82,27.445385,0.000000
12,2025-09-17,working,83,26.746717,0.000000
12,2025-09-17,working,84,25.198346,0.000000
12,2025-09-17,working,85,24.763684,0.000000
12,2025-09-17,working,86,24.669084,0.000000
12,2025-09-17,working,87,24.521631,0.000000
12,2025-09-17,working,88,24.581805,0.000000
12,2025-09-17,working,89,24.730279,2.935560
12,2025-09-17,working,90,24.324348,3.080970
12,2025-09-17,working,91,24.196850,0.000000
12,2025-09-17,working,92,23.765920,0.000000
12,2025-09-17,working,93,23.427473,1.626522
12,2025-09-17,working,94,22.833319,1.099126
12,2025-09-17,working,95,23.783558,0.556740
13,2025-09-18,working,0,20.867039,6.820955
13,2025-09-18,working,1,19.956617,1.564085
13,2025-09-18,working,2,20.129420,0.007246
13,2025-09-18,working,3,20.280731,0.060740
13,2025-09-18,working,4,21.049219,0.150228
13,2025-09-18,working,5,21.907101,0.225791
13,2025-09-18,working,6,22.464620,0.289664
13,2025-09-18,working,7,24.099170,0.851342
13,2025-09-18,working,8,25.577573,1.049009
13,2025-09-18,working,9,25.576134,1.336801
13,2025-09-18,working,10,25.546151,1.518398
13,2025-09-18,working,11,25.781651,1.930381
13,2025-09-18,working,12,26.475724,1.585543
13,2025-09-18,working,13,26.469729,2.236868
13,2025-09-18,working,14,26.398343,3.257030
13,2025-09-18,working,15,27.788174,3.479857
13,2025-09-18,working,16,28.907693,2.956656
13,2025-09-18,working,17,29.096510,3.949670
13,2025-09-18,working,18,29.462210,4.100146
13,2025-09-18,working,19,28.161320,4.115300
13,2025-09-18,working,20,28.065955,4.575896
13,2025-09-18,working,21,26.331669,5.788458
13,2025-09-18,working,22,25.434247,6.877934
13,2025-09-18,working,23,28.391610,8.621658
13,2025-09-18,working,24,28.843665,10.114138
13,2025-09-18,working,25,29.040806,12.287857
13,2025-09-18,working,26,29.526935,14.580832
13,2025-09-18,working,27,32.329035,20.737345
13,2025-09-18,working,28,99.765789,52.284029
13,2025-09-18,working,29,425.333135,137.614974
13,2025-09-18,working,30,550.016472,187.762587
13,2025-09-18,working,31,550.419930,225.178424
13,2025-09-18,working,32,557.287864,267.939480
13,2025-09-18,working,33,564.187851,302.658276
13,2025-09-18,working,34,565.169675,316.519759
13,2025-09-18,working,35,570.612486,340.360705
13,2025-09-18,working,36,593.122414,374.526854
13,2025-09-18,working,37,599.288018,401.624231
13,2025-09-18,working,38,607.067067,411.517913
13,2025-09-18,working,39,609.798874,420.220621
13,2025-09-18,working,40,594.171752,427.335356
13,2025-09-18,working,41,620.063571,451.406673
13,2025-09-18,working,42,634.151428,464.936114
13,2025-09-18,working,43,648.371518,479.221539
13,2025-09-18,working,44,660.220282,481.011177
13,2025-09-18,working,45,643.491176,487.439547
13,2025-09-18,working,46,627.512985,473.825132
13,2025-09-18,working,47,616.733449,466.384539
13,2025-09-18,working,48,465.117948,368.343303
13,2025-09-18,working,49,513.449105,405.417415
13,2025-09-18,working,50,564.481701,438.439613
13,2025-09-18,working,51,575.135733,446.393576
13,2025-09-18,working,52,582.507236,452.812309
13,2025-09-18,working,53,589.956121,452.383530
13,2025-09-18,working,54,616.896802,460.350176
13,2025-09-18,working,55,665.293192,481.774352
13,2025-09-18,working,56,680.406549,477.502195
13,2025-09-18,working,57,685.788563,465.610550
13,2025-09-18,working,58,685.944582,446.579563
13,2025-09-18,working,59,666.731658,419.650872
13,2025-09-18,working,60,617.648254,378.161930
13,2025-09-18,working,61,607.656578,356.322390
13,2025-09-18,working,62,597.257773,324.921123
13,2025-09-18,working,63,574.947006,292.123822
13,2025-09-18,working,64,540.963836,248.978174
13,2025-09-18,working,65,527.603208,207.326929
13,2025-09-18,working,66,496.214274,165.710758
13,2025-09-18,working,67,423.956922,122.796410
13,2025-09-18,working,68,319.218567,77.922736
13,2025-09-18,working,69,226.155068,55.030170
13,2025-09-18,working,70,122.087324,25.191385
13,2025-09-18,working,71,65.655669,13.729110
13,2025-09-18,working,72,29.135567,7.139861
13,2025-09-18,working,73,33.285362,4.349300
13,2025-09-18,working,74,32.472755,2.554087
13,2025-09-18,working,75,29.704994,0.016925
13,2025-09-18,working,76,30.101704,0.001548
13,2025-09-18,working,77,29.803490,0.000000
13,2025-09-18,working,78,29.271054,0.000000
13,2025-09-18,working,79,29.025754,0.000000
13,2025-09-18,working,80,28.578456,0.000000
13,2025-09-18,working,81,28.068490,0.000000
13,2025-09-18,working,82,27.445385,0.000000
13,2025-09-18,working,83,26.746717,0.000000
13,2025-09-18,working,84,25.198346,0.000000
13,2025-09-18,working,85,24.763684,0.000000
13,2025-09-18,working,86,24.669084,0.000000
13,2025-09-18,working,87,24.521631,0.000000
13,2025-09-18,working,88,24.581805,0.000000
13,2025-09-18,working,89,24.730279,2.935560
13,2025-09-18,working,90,24.324348,3.080970
13,2025-09-18,working,91,24.196850,0.000000
13,2025-09-18,working,92,23.765920,0.000000
13,2025-09-18,working,93,23.427473,1.626522
13,2025-09-18,working,94,22.833319,1.099126
13,2025-09-18,working,95,23.783558,0.556740
14,2025-09-19,working,0,20.867039,6.820955
14,2025-09-19,working,1,19.956617,1.564085
14,2025-09-19,working,2,20.129420,0.007246
14,2025-09-19,working,3,20.280731,0.060740
14,2025-09-19,working,4,21.049219,0.150228
14,2025-09-19,working,5,21.907101,0.225791
14,2025-09-19,working,6,22.464620,0.289664
14,2025-09-19,working,7,24.099170,0.851342
14,2025-09-19,working,8,25.577573,1.049009
14,2025-09-19,working,9,25.576134,1.336801
14,2025-09-19,working,10,25.546151,1.518398
14,2025-09-19,working,11,25.781651,1.930381
14,2025-09-19,working,12,26.475724,1.585543
14,2025-09-19,working,13,26.469729,2.236868
14,2025-09-19,working,14,26.398343,3.257030
14,2025-09-19,working,15,27.788174,3.479857
14,2025-09-19,working,16,28.907693,2.956656
14,2025-09-19,working,17,29.096510,3.949670
14,2025-09-19,working,18,29.462210,4.100146
14,2025-09-19,working,19,28.161320,4.115300
14,2025-09-19,working,20,28.065955,4.575896
14,2025-09-19,working,21,26.331669,5.788458
14,2025-09-19,working,22,25.434247,6.877934
14,2025-09-19,working,23,28.391610,8.621658
14,2025-09-19,working,24,28.843665,10.114138
14,2025-09-19,working,25,29.040806,12.287857
14,2025-09-19,working,26,29.526935,14.580832
14,2025-09-19,working,27,32.329035,20.737345
14,2025-09-19,working,28,99.765789,52.284029
14,2025-09-19,working,29,425.333135,137.614974
14,2025-09-19,working,30,550.016472,187.762587
14,2025-09-19,working,31,550.419930,225.178424
14,2025-09-19,working,32,557.287864,267.939480
14,2025-09-19,working,33,564.187851,302.658276
14,2025-09-19,working,34,565.169675,316.519759
14,2025-09-19,working,35,570.612486,340.360705
14,2025-09-19,working,36,593.122414,374.526854
14,2025-09-19,working,37,599.288018,401.624231
14,2025-09-19,working,38,607.067067,411.517913
14,2025-09-19,working,39,609.798874,420.220621
14,2025-09-19,working,40,594.171752,427.335356
14,2025-09-19,working,41,620.063571,451.406673
14,2025-09-19,working,42,634.151428,464.936114
14,2025-09-19,working,43,648.371518,479.221539
14,2025-09-19,working,44,660.220282,481.011177
14,2025-09-19,working,45,643.491176,487.439547
14,2025-09-19,working,46,627.512985,473.825132
14,2025-09-19,working,47,616.733449,466.384539
14,2025-09-19,working,48,465.117948,368.343303
14,2025-09-19,working,49,513.449105,405.417415
14,2025-09-19,working,50,564.481701,438.439613
14,2025-09-19,working,51,575.135733,446.393576
14,2025-09-19,working,52,582.507236,452.812309
14,2025-09-19,working,53,589.956121,452.383530
14,2025-09-19,working,54,616.896802,460.350176
14,2025-09-19,working,55,665.293192,481.774352
14,2025-09-19,working,56,680.406549,477.502195
14,2025-09-19,working,57,685.788563,465.610550
14,2025-09-19,working,58,685.944582,446.579563
14,2025-09-19,working,59,666.731658,419.650872
14,2025-09-19,working,60,617.648254,378.161930
14,2025-09-19,working,61,607.656578,356.322390
14,2025-09-19,working,62,597.257773,324.921123
14,2025-09-19,working,63,574.947006,292.123822
14,2025-09-19,working,64,540.963836,248.978174
14,2025-09-19,working,65,527.603208,207.326929
14,2025-09-19,working,66,496.214274,165.710758
14,2025-09-19,working,67,423.956922,122.796410
14,2025-09-19,working,68,319.218567,77.922736
14,2025-09-19,working,69,226.155068,55.030170
14,2025-09-19,working,70,122.087324,25.191385
14,2025-09-19,working,71,65.655669,13.729110
14,2025-09-19,working,72,29.135567,7.139861
14,2025-09-19,working,73,33.285362,4.349300
14,2025-09-19,working,74,32.472755,2.554087
14,2025-09-19,working,75,29.704994,0.016925
14,2025-09-19,working,76,30.101704,0.001548
14,2025-09-19,working,77,29.803490,0.000000
14,2025-09-19,working,78,29.271054,0.000000
14,2025-09-19,working,79,29.025754,0.000000
14,2025-09-19,working,80,28.578456,0.000000
14,2025-09-19,working,81,28.068490,0.000000
14,2025-09-19,working,82,27.445385,0.000000
14,2025-09-19,working,83,26.746717,0.000000
14,2025-09-19,working,84,25.198346,0.000000
14,2025-09-19,working,85,24.763684,0.000000
14,2025-09-19,working,86,24.669084,0.000000
14,2025-09-19,working,87,24.521631,0.000000
14,2025-09-19,working,88,24.581805,0.000000
14,2025-09-19,working,89,24.730279,2.935560
14,2025-09-19,working,90,24.324348,3.080970
14,2025-09-19,working,91,24.196850,0.000000
14,2025-09-19,working,92,23.765920,0.000000
14,2025-09-19,working,93,23.427473,1.626522
14,2025-09-19,working,94,22.833319,1.099126
14,2025-09-19,working,95,23.783558,0.556740
15,2025-09-20,weekend,0,28.777876,11.916411
15,2025-09-20,weekend,1,27.611885,6.366029
15,2025-09-20,weekend,2,27.455722,7.513622
15,2025-09-20,weekend,3,27.366458,7.252029
15,2025-09-20,weekend,4,27.943118,7.448966
15,2025-09-20,weekend,5,29.094573,5.727011
15,2025-09-20,weekend,6,29.476454,7.526874
15,2025-09-20,weekend,7,30.107802,7.703145
15,2025-09-20,weekend,8,30.331565,7.947898
15,2025-09-20,weekend,9,30.201741,7.614910
15,2025-09-20,weekend,10,30.295058,7.588279
15,2025-09-20,weekend,11,29.760176,7.264104
15,2025-09-20,weekend,12,28.473237,5.650545
15,2025-09-20,weekend,13,28.998999,6.219108
15,2025-09-20,weekend,14,30.138331,7.281519
15,2025-09-20,weekend,15,29.768209,7.646813
15,2025-09-20,weekend,16,30.356550,7.685778
15,2025-09-20,weekend,17,31.016670,7.775229
15,2025-09-20,weekend,18,31.381025,8.428028
15,2025-09-20,weekend,19,31.082079,9.094448
15,2025-09-20,weekend,20,30.293773,9.102742
15,2025-09-20,weekend,21,28.796956,10.670011
15,2025-09-20,weekend,22,27.816689,12.062751
15,2025-09-20,weekend,23,27.364737,12.995062
15,2025-09-20,weekend,24,26.087859,12.661932
15,2025-09-20,weekend,25,25.716797,12.365912
15,2025-09-20,weekend,26,25.020624,13.338043
15,2025-09-20,weekend,27,26.054142,14.722984
15,2025-09-20,weekend,28,62.204305,33.914157
15,2025-09-20,weekend,29,212.388680,79.852758
15,2025-09-20,weekend,30,287.264630,117.003220
15,2025-09-20,weekend,31,291.351240,135.986561
15,2025-09-20,weekend,32,294.959697,154.288619
15,2025-09-20,weekend,33,297.911551,174.016466
15,2025-09-20,weekend,34,297.467069,180.298976
15,2025-09-20,weekend,35,301.760918,191.592225
15,2025-09-20,weekend,36,315.441272,200.866830
15,2025-09-20,weekend,37,319.054793,203.824173
15,2025-09-20,weekend,38,323.770850,220.665033
15,2025-09-20,weekend,39,326.595653,231.769284
15,2025-09-20,weekend,40,316.449385,237.365381
15,2025-09-20,weekend,41,334.837048,243.968012
15,2025-09-20,weekend,42,339.924045,256.595368
15,2025-09-20,weekend,43,349.208883,277.219614
15,2025-09-20,weekend,44,352.437171,279.974066
15,2025-09-20,weekend,45,347.094653,270.513108
15,2025-09-20,weekend,46,339.818136,268.499191
15,2025-09-20,weekend,47,333.337518,253.133224
15,2025-09-20,weekend,48,260.013796,215.795996
15,2025-09-20,weekend,49,281.024345,224.462216
15,2025-09-20,weekend,50,307.691745,246.259886
15,2025-09-20,weekend,51,312.293243,233.969316
15,2025-09-20,weekend,52,318.557813,239.671397
15,2025-09-20,weekend,53,322.624253,245.426101
15,2025-09-20,weekend,54,341.184198,244.133631
15,2025-09-20,weekend,55,363.169667,251.763453
15,2025-09-20,weekend,56,365.740437,261.798948
15,2025-09-20,weekend,57,367.919636,254.965138
15,2025-09-20,weekend,58,363.807630,229.505891
15,2025-09-20,weekend,59,344.538704,221.572011
15,2025-09-20,weekend,60,315.390925,199.878560
15,2025-09-20,weekend,61,310.117862,195.186594
15,2025-09-20,weekend,62,299.760121,178.936028
15,2025-09-20,weekend,63,219.831379,126.757413
15,2025-09-20,weekend,64,112.448953,63.785052
15,2025-09-20,weekend,65,106.632529,60.279718
15,2025-09-20,weekend,66,98.289013,52.323490
15,2025-09-20,weekend,67,63.462441,37.753234
15,2025-09-20,weekend,68,25.835183,18.452086
15,2025-09-20,weekend,69,23.520847,13.383480
15,2025-09-20,weekend,70,23.251328,9.797423
15,2025-09-20,weekend,71,23.438468,6.463335
15,2025-09-20,weekend,72,24.370430,3.831432
15,2025-09-20,weekend,73,29.128786,1.891825
15,2025-09-20,weekend,74,29.191366,0.325745
15,2025-09-20,weekend,75,27.855680,0.003794
15,2025-09-20,weekend,76,28.510701,0.000000
15,2025-09-20,weekend,77,28.543704,0.000000
15,2025-09-20,weekend,78,27.878628,0.000000
15,2025-09-20,weekend,79,27.376250,0.000000
15,2025-09-20,weekend,80,26.793875,0.000000
15,2025-09-20,weekend,81,26.909101,0.000000
15,2025-09-20,weekend,82,26.568589,0.000000
15,2025-09-20,weekend,83,25.389360,0.000000
15,2025-09-20,weekend,84,23.567382,0.000000
15,2025-09-20,weekend,85,23.267843,0.000000
15,2025-09-20,weekend,86,23.031668,0.000000
15,2025-09-20,weekend,87,23.224088,0.000000
15,2025-09-20,weekend,88,23.332589,0.000000
15,2025-09-20,weekend,89,23.308333,0.000000
15,2025-09-20,weekend,90,23.244855,0.005025
15,2025-09-20,weekend,91,22.883706,0.092029
15,2025-09-20,weekend,92,22.707159,0.275323
15,2025-09-20,weekend,93,22.445748,0.246143
15,2025-09-20,weekend,94,22.165130,0.261449
15,2025-09-20,weekend,95,21.800360,0.258687
16,2025-09-21,weekend,0,28.777876,11.916411
16,2025-09-21,weekend,1,27.611885,6.366029
16,2025-09-21,weekend,2,27.455722,7.513622
16,2025-09-21,weekend,3,27.366458,7.252029
16,2025-09-21,weekend,4,27.943118,7.448966
16,2025-09-21,weekend,5,29.094573,5.727011
16,2025-09-21,weekend,6,29.476454,7.526874
16,2025-09-21,weekend,7,30.107802,7.703145
16,2025-09-21,weekend,8,30.331565,7.947898
16,2025-09-21,weekend,9,30.201741,7.614910
16,2025-09-21,weekend,10,30.295058,7.588279
16,2025-09-21,weekend,11,29.760176,7.264104
16,2025-09-21,weekend,12,28.473237,5.650545
16,2025-09-21,weekend,13,28.998999,6.219108
16,2025-09-21,weekend,14,30.138331,7.281519
16,2025-09-21,weekend,15,29.768209,7.646813
16,2025-09-21,weekend,16,30.356550,7.685778
16,2025-09-21,weekend,17,31.016670,7.775229
16,2025-09-21,weekend,18,31.381025,8.428028
16,2025-09-21,weekend,19,31.082079,9.094448
16,2025-09-21,weekend,20,30.293773,9.102742
16,2025-09-21,weekend,21,28.796956,10.670011
16,2025-09-21,weekend,22,27.816689,12.062751
16,2025-09-21,weekend,23,27.364737,12.995062
16,2025-09-21,weekend,24,26.087859,12.661932
16,2025-09-21,weekend,25,25.716797,12.365912
16,2025-09-21,weekend,26,25.020624,13.338043
16,2025-09-21,weekend,27,26.054142,14.722984
16,2025-09-21,weekend,28,62.204305,33.914157
16,2025-09-21,weekend,29,212.388680,79.852758
16,2025-09-21,weekend,30,287.264630,117.003220
16,2025-09-21,weekend,31,291.351240,135.986561
16,2025-09-21,weekend,32,294.959697,154.288619
16,2025-09-21,weekend,33,297.911551,174.016466
16,2025-09-21,weekend,34,297.467069,180.298976
16,2025-09-21,weekend,35,301.760918,191.592225
16,2025-09-21,weekend,36,315.441272,200.866830
16,2025-09-21,weekend,37,319.054793,203.824173
16,2025-09-21,weekend,38,323.770850,220.665033
16,2025-09-21,weekend,39,326.595653,231.769284
16,2025-09-21,weekend,40,316.449385,237.365381
16,2025-09-21,weekend,41,334.837048,243.968012
16,2025-09-21,weekend,42,339.924045,256.595368
16,2025-09-21,weekend,43,349.208883,277.219614
16,2025-09-21,weekend,44,352.437171,279.974066
16,2025-09-21,weekend,45,347.094653,270.513108
16,2025-09-21,weekend,46,339.818136,268.499191
16,2025-09-21,weekend,47,333.337518,253.133224
16,2025-09-21,weekend,48,260.013796,215.795996
16,2025-09-21,weekend,49,281.024345,224.462216
16,2025-09-21,weekend,50,307.691745,246.259886
16,2025-09-21,weekend,51,312.293243,233.969316
16,2025-09-21,weekend,52,318.557813,239.671397
16,2025-09-21,weekend,53,322.624253,245.426101
16,2025-09-21,weekend,54,341.184198,244.133631
16,2025-09-21,weekend,55,363.169667,251.763453
16,2025-09-21,weekend,56,365.740437,261.798948
16,2025-09-21,weekend,57,367.919636,254.965138
16,2025-09-21,weekend,58,363.807630,229.505891
16,2025-09-21,weekend,59,344.538704,221.572011
16,2025-09-21,weekend,60,315.390925,199.878560
16,2025-09-21,weekend,61,310.117862,195.186594
16,2025-09-21,weekend,62,299.760121,178.936028
16,2025-09-21,weekend,63,219.831379,126.757413
16,2025-09-21,weekend,64,112.448953,63.785052
16,2025-09-21,weekend,65,106.632529,60.279718
16,2025-09-21,weekend,66,98.289013,52.323490
16,2025-09-21,weekend,67,63.462441,37.753234
16,2025-09-21,weekend,68,25.835183,18.452086
16,2025-09-21,weekend,69,23.520847,13.383480
16,2025-09-21,weekend,70,23.251328,9.797423
16,2025-09-21,weekend,71,23.438468,6.463335
16,2025-09-21,weekend,72,24.370430,3.831432
16,2025-09-21,weekend,73,29.128786,1.891825
16,2025-09-21,weekend,74,29.191366,0.325745
16,2025-09-21,weekend,75,27.855680,0.003794
16,2025-09-21,weekend,76,28.510701,0.000000
16,2025-09-21,weekend,77,28.543704,0.000000
16,2025-09-21,weekend,78,27.878628,0.000000
16,2025-09-21,weekend,79,27.376250,0.000000
16,2025-09-21,weekend,80,26.793875,0.000000
16,2025-09-21,weekend,81,26.909101,0.000000
16,2025-09-21,weekend,82,26.568589,0.000000
16,2025-09-21,weekend,83,25.389360,0.000000
16,2025-09-21,weekend,84,23.567382,0.000000
16,2025-09-21,weekend,85,23.267843,0.000000
16,2025-09-21,weekend,86,23.031668,0.000000
16,2025-09-21,weekend,87,23.224088,0.000000
16,2025-09-21,weekend,88,23.332589,0.000000
16,2025-09-21,weekend,89,23.308333,0.000000
16,2025-09-21,weekend,90,23.244855,0.005025
16,2025-09-21,weekend,91,22.883706,0.092029
16,2025-09-21,weekend,92,22.707159,0.275323
16,2025-09-21,weekend,93,22.445748,0.246143
16,2025-09-21,weekend,94,22.165130,0.261449
16,2025-09-21,weekend,95,21.800360,0.258687
17,2025-09-22,working,0,20.867039,6.820955
17,2025-09-22,working,1,19.956617,1.564085
17,2025-09-22,working,2,20.129420,0.007246
17,2025-09-22,working,3,20.280731,0.060740
17,2025-09-22,working,4,21.049219,0.150228
17,2025-09-22,working,5,21.907101,0.225791
17,2025-09-22,working,6,22.464620,0.289664
17,2025-09-22,working,7,24.099170,0.851342
17,2025-09-22,working,8,25.577573,1.049009
17,2025-09-22,working,9,25.576134,1.336801
17,2025-09-22,working,10,25.546151,1.518398
17,2025-09-22,working,11,25.781651,1.930381
17,2025-09-22,working,12,26.475724,1.585543
17,2025-09-22,working,13,26.469729,2.236868
17,2025-09-22,working,14,26.398343,3.257030
17,2025-09-22,working,15,27.788174,3.479857
17,2025-09-22,working,16,28.907693,2.956656
17,2025-09-22,working,17,29.096510,3.949670
17,2025-09-22,working,18,29.462210,4.100146
17,2025-09-22,working,19,28.161320,4.115300
17,2025-09-22,working,20,28.065955,4.575896
17,2025-09-22,working,21,26.331669,5.788458
17,2025-09-22,working,22,25.434247,6.877934
17,2025-09-22,working,23,28.391610,8.621658
17,2025-09-22,working,24,28.843665,10.114138
17,2025-09-22,working,25,29.040806,12.287857
17,2025-09-22,working,26,29.526935,14.580832
17,2025-09-22,working,27,32.329035,20.737345
17,2025-09-22,working,28,99.765789,52.284029
17,2025-09-22,working,29,425.333135,137.614974
17,2025-09-22,working,30,550.016472,187.762587
17,2025-09-22,working,31,550.419930,225.178424
17,2025-09-22,working,32,557.287864,267.939480
17,2025-09-22,working,33,564.187851,302.658276
17,2025-09-22,working,34,565.169675,316.519759
17,2025-09-22,working,35,570.612486,340.360705
17,2025-09-22,working,36,593.122414,374.526854
17,2025-09-22,working,37,599.288018,401.624231
17,2025-09-22,working,38,607.067067,411.517913
17,2025-09-22,working,39,609.798874,420.220621
17,2025-09-22,working,40,594.171752,427.335356
17,2025-09-22,working,41,620.063571,451.406673
17,2025-09-22,working,42,634.151428,464.936114
17,2025-09-22,working,43,648.371518,479.221539
17,2025-09-22,working,44,660.220282,481.011177
17,2025-09-22,working,45,643.491176,487.439547
17,2025-09-22,working,46,627.512985,473.825132
17,2025-09-22,working,47,616.733449,466.384539
17,2025-09-22,working,48,465.117948,368.343303
17,2025-09-22,working,49,513.449105,405.417415
17,2025-09-22,working,50,564.481701,438.439613
17,2025-09-22,working,51,575.135733,446.393576
17,2025-09-22,working,52,582.507236,452.812309
17,2025-09-22,working,53,589.956121,452.383530
17,2025-09-22,working,54,616.896802,460.350176
17,2025-09-22,working,55,665.293192,481.774352
17,2025-09-22,working,56,680.406549,477.502195
17,2025-09-22,working,57,685.788563,465.610550
17,2025-09-22,working,58,685.944582,446.579563
17,2025-09-22,working,59,666.731658,419.650872
17,2025-09-22,working,60,617.648254,378.161930
17,2025-09-22,working,61,607.656578,356.322390
17,2025-09-22,working,62,597.257773,324.921123
17,2025-09-22,working,63,574.947006,292.123822
17,2025-09-22,working,64,540.963836,248.978174
17,2025-09-22,working,65,527.603208,207.326929
17,2025-09-22,working,66,496.214274,165.710758
17,2025-09-22,working,67,423.956922,122.796410
17,2025-09-22,working,68,319.218567,77.922736
17,2025-09-22,working,69,226.155068,55.030170
17,2025-09-22,working,70,122.087324,25.191385
17,2025-09-22,working,71,65.655669,13.729110
17,2025-09-22,working,72,29.135567,7.139861
17,2025-09-22,working,73,33.285362,4.349300
17,2025-09-22,working,74,32.472755,2.554087
17,2025-09-22,working,75,29.704994,0.016925
17,2025-09-22,working,76,30.101704,0.001548
17,2025-09-22,working,77,29.803490,0.000000
17,2025-09-22,working,78,29.271054,0.000000
17,2025-09-22,working,79,29.025754,0.000000
17,2025-09-22,working,80,28.578456,0.000000
17,2025-09-22,working,81,28.068490,0.000000
17,2025-09-22,working,82,27.445385,0.000000
17,2025-09-22,working,83,26.746717,0.000000
17,2025-09-22,working,84,25.198346,0.000000
17,2025-09-22,working,85,24.763684,0.000000
17,2025-09-22,working,86,24.669084,0.000000
17,2025-09-22,working,87,24.521631,0.000000
17,2025-09-22,working,88,24.581805,0.000000
17,2025-09-22,working,89,24.730279,2.935560
17,2025-09-22,working,90,24.324348,3.080970
17,2025-09-22,working,91,24.196850,0.000000
17,2025-09-22,working,92,23.765920,0.000000
17,2025-09-22,working,93,23.427473,1.626522
17,2025-09-22,working,94,22.833319,1.099126
17,2025-09-22,working,95,23.783558,0.556740
18,2025-09-23,working,0,20.867039,6.820955
18,2025-09-23,working,1,19.956617,1.564085
18,2025-09-23,working,2,20.129420,0.007246
18,2025-09-23,working,3,20.280731,0.060740
18,2025-09-23,working,4,21.049219,0.150228
18,2025-09-23,working,5,21.907101,0.225791
18,2025-09-23,working,6,22.464620,0.289664
18,2025-09-23,working,7,24.099170,0.851342
18,2025-09-23,working,8,25.577573,1.049009
18,2025-09-23,working,9,25.576134,1.336801
18,2025-09-23,working,10,25.546151,1.518398
18,2025-09-23,working,11,25.781651,1.930381
18,2025-09-23,working,12,26.475724,1.585543
18,2025-09-23,working,13,26.469729,2.236868
18,2025-09-23,working,14,26.398343,3.257030
18,2025-09-23,working,15,27.788174,3.479857
18,2025-09-23,working,16,28.907693,2.956656
18,2025-09-23,working,17,29.096510,3.949670
18,2025-09-23,working,18,29.462210,4.100146
18,2025-09-23,working,19,28.161320,4.115300
18,2025-09-23,working,20,28.065955,4.575896
18,2025-09-23,working,21,26.331669,5.788458
18,2025-09-23,working,22,25.434247,6.877934
18,2025-09-23,working,23,28.391610,8.621658
18,2025-09-23,working,24,28.843665,10.114138
18,2025-09-23,working,25,29.040806,12.287857
18,2025-09-23,working,26,29.526935,14.580832
18,2025-09-23,working,27,32.329035,20.737345
18,2025-09-23,working,28,99.765789,52.284029
18,2025-09-23,working,29,425.333135,137.614974
18,2025-09-23,working,30,550.016472,187.762587
18,2025-09-23,working,31,550.419930,225.178424
18,2025-09-23,working,32,557.287864,267.939480
18,2025-09-23,working,33,564.187851,302.658276
18,2025-09-23,working,34,565.169675,316.519759
18,2025-09-23,working,35,570.612486,340.360705
18,2025-09-23,working,36,593.122414,374.526854
18,2025-09-23,working,37,599.288018,401.624231
18,2025-09-23,working,38,607.067067,411.517913
18,2025-09-23,working,39,609.798874,420.220621
18,2025-09-23,working,40,594.171752,427.335356
18,2025-09-23,working,41,620.063571,451.406673
18,2025-09-23,working,42,634.151428,464.936114
18,2025-09-23,working,43,648.371518,479.221539
18,2025-09-23,working,44,660.220282,481.011177
18,2025-09-23,working,45,643.491176,487.439547
18,2025-09-23,working,46,627.512985,473.825132
18,2025-09-23,working,47,616.733449,466.384539
18,2025-09-23,working,48,465.117948,368.343303
18,2025-09-23,working,49,513.449105,405.417415
18,2025-09-23,working,50,564.481701,438.439613
18,2025-09-23,working,51,575.135733,446.393576
18,2025-09-23,working,52,582.507236,452.812309
18,2025-09-23,working,53,589.956121,452.383530
18,2025-09-23,working,54,616.896802,460.350176
18,2025-09-23,working,55,665.293192,481.774352
18,2025-09-23,working,56,680.406549,477.502195
18,2025-09-23,working,57,685.788563,465.610550
18,2025-09-23,working,58,685.944582,446.579563
18,2025-09-23,working,59,666.731658,419.650872
18,2025-09-23,working,60,617.648254,378.161930
18,2025-09-23,working,61,607.656578,356.322390
18,2025-09-23,working,62,597.257773,324.921123
18,2025-09-23,working,63,574.947006,292.123822
18,2025-09-23,working,64,540.963836,248.978174
18,2025-09-23,working,65,527.603208,207.326929
18,2025-09-23,working,66,496.214274,165.710758
18,2025-09-23,working,67,423.956922,122.796410
18,2025-09-23,working,68,319.218567,77.922736
18,2025-09-23,working,69,226.155068,55.030170
18,2025-09-23,working,70,122.087324,25.191385
18,2025-09-23,working,71,65.655669,13.729110
18,2025-09-23,working,72,29.135567,7.139861
18,2025-09-23,working,73,33.285362,4.349300
18,2025-09-23,working,74,32.472755,2.554087
18,2025-09-23,working,75,29.704994,0.016925
18,2025-09-23,working,76,30.101704,0.001548
18,2025-09-23,working,77,29.803490,0.000000
18,2025-09-23,working,78,29.271054,0.000000
18,2025-09-23,working,79,29.025754,0.000000
18,2025-09-23,working,80,28.578456,0.000000
18,2025-09-23,working,81,28.068490,0.000000
18,2025-09-23,working,82,27.445385,0.000000
18,2025-09-23,working,83,26.746717,0.000000
18,2025-09-23,working,84,25.198346,0.000000
18,2025-09-23,working,85,24.763684,0.000000
18,2025-09-23,working,86,24.669084,0.000000
18,2025-09-23,working,87,24.521631,0.000000
18,2025-09-23,working,88,24.581805,0.000000
18,2025-09-23,working,89,24.730279,2.935560
18,2025-09-23,working,90,24.324348,3.080970
18,2025-09-23,working,91,24.196850,0.000000
18,2025-09-23,working,92,23.765920,0.000000
18,2025-09-23,working,93,23.427473,1.626522
18,2025-09-23,working,94,22.833319,1.099126
18,2025-09-23,working,95,23.783558,0.556740
19,2025-09-24,working,0,20.867039,6.820955
19,2025-09-24,working,1,19.956617,1.564085
19,2025-09-24,working,2,20.129420,0.007246
19,2025-09-24,working,3,20.280731,0.060740
19,2025-09-24,working,4,21.049219,0.150228
19,2025-09-24,working,5,21.907101,0.225791
19,2025-09-24,working,6,22.464620,0.289664
19,2025-09-24,working,7,24.099170,0.851342
19,2025-09-24,working,8,25.577573,1.049009
19,2025-09-24,working,9,25.576134,1.336801
19,2025-09-24,working,10,25.546151,1.518398
19,2025-09-24,working,11,25.781651,1.930381
19,2025-09-24,working,12,26.475724,1.585543
19,2025-09-24,working,13,26.469729,2.236868
19,2025-09-24,working,14,26.398343,3.257030
19,2025-09-24,working,15,27.788174,3.479857
19,2025-09-24,working,16,28.907693,2.956656
19,2025-09-24,working,17,29.096510,3.949670
19,2025-09-24,working,18,29.462210,4.100146
19,2025-09-24,working,19,28.161320,4.115300
19,2025-09-24,working,20,28.065955,4.575896
19,2025-09-24,working,21,26.331669,5.788458
19,2025-09-24,working,22,25.434247,6.877934
19,2025-09-24,working,23,28.391610,8.621658
19,2025-09-24,working,24,28.843665,10.114138
19,2025-09-24,working,25,29.040806,12.287857
19,2025-09-24,working,26,29.526935,14.580832
19,2025-09-24,working,27,32.329035,20.737345
19,2025-09-24,working,28,99.765789,52.284029
19,2025-09-24,working,29,425.333135,137.614974
19,2025-09-24,working,30,550.016472,187.762587
19,2025-09-24,working,31,550.419930,225.178424
19,2025-09-24,working,32,557.287864,267.939480
19,2025-09-24,working,33,564.187851,302.658276
19,2025-09-24,working,34,565.169675,316.519759
19,2025-09-24,working,35,570.612486,340.360705
19,2025-09-24,working,36,593.122414,374.526854
19,2025-09-24,working,37,599.288018,401.624231
19,2025-09-24,working,38,607.067067,411.517913
19,2025-09-24,working,39,609.798874,420.220621
19,2025-09-24,working,40,594.171752,427.335356
19,2025-09-24,working,41,620.063571,451.406673
19,2025-09-24,working,42,634.151428,464.936114
19,2025-09-24,working,43,648.371518,479.221539
19,2025-09-24,working,44,660.220282,481.011177
19,2025-09-24,working,45,643.491176,487.439547
19,2025-09-24,working,46,627.512985,473.825132
19,2025-09-24,working,47,616.733449,466.384539
19,2025-09-24,working,48,465.117948,368.343303
19,2025-09-24,working,49,513.449105,405.417415
19,2025-09-24,working,50,564.481701,438.439613
19,2025-09-24,working,51,575.135733,446.393576
19,2025-09-24,working,52,582.507236,452.812309
19,2025-09-24,working,53,589.956121,452.383530
19,2025-09-24,working,54,616.896802,460.350176
19,2025-09-24,working,55,665.293192,481.774352
19,2025-09-24,working,56,680.406549,477.502195
19,2025-09-24,working,57,685.788563,465.610550
19,2025-09-24,working,58,685.944582,446.579563
19,2025-09-24,working,59,666.731658,419.650872
19,2025-09-24,working,60,617.648254,378.161930
19,2025-09-24,working,61,607.656578,356.322390
19,2025-09-24,working,62,597.257773,324.921123
19,2025-09-24,working,63,574.947006,292.123822
19,2025-09-24,working,64,540.963836,248.978174
19,2025-09-24,working,65,527.603208,207.326929
19,2025-09-24,working,66,496.214274,165.710758
19,2025-09-24,working,67,423.956922,122.796410
19,2025-09-24,working,68,319.218567,77.922736
19,2025-09-24,working,69,226.155068,55.030170
19,2025-09-24,working,70,122.087324,25.191385
19,2025-09-24,working,71,65.655669,13.729110
19,2025-09-24,working,72,29.135567,7.139861
19,2025-09-24,working,73,33.285362,4.349300
19,2025-09-24,working,74,32.472755,2.554087
19,2025-09-24,working,75,29.704994,0.016925
19,2025-09-24,working,76,30.101704,0.001548
19,2025-09-24,working,77,29.803490,0.000000
19,2025-09-24,working,78,29.271054,0.000000
19,2025-09-24,working,79,29.025754,0.000000
19,2025-09-24,working,80,28.578456,0.000000
19,2025-09-24,working,81,28.068490,0.000000
19,2025-09-24,working,82,27.445385,0.000000
19,2025-09-24,working,83,26.746717,0.000000
19,2025-09-24,working,84,25.198346,0.000000
19,2025-09-24,working,85,24.763684,0.000000
19,2025-09-24,working,86,24.669084,0.000000
19,2025-09-24,working,87,24.521631,0.000000
19,2025-09-24,working,88,24.581805,0.000000
19,2025-09-24,working,89,24.730279,2.935560
19,2025-09-24,working,90,24.324348,3.080970
19,2025-09-24,working,91,24.196850,0.000000
19,2025-09-24,working,92,23.765920,0.000000
19,2025-09-24,working,93,23.427473,1.626522
19,2025-09-24,working,94,22.833319,1.099126
19,2025-09-24,working,95,23.783558,0.556740
20,2025-09-25,working,0,20.867039,6.820955
20,2025-09-25,working,1,19.956617,1.564085
20,2025-09-25,working,2,20.129420,0.007246
20,2025-09-25,working,3,20.280731,0.060740
20,2025-09-25,working,4,21.049219,0.150228
20,2025-09-25,working,5,21.907101,0.225791
20,2025-09-25,working,6,22.464620,0.289664
20,2025-09-25,working,7,24.099170,0.851342
20,2025-09-25,working,8,25.577573,1.049009
20,2025-09-25,working,9,25.576134,1.336801
20,2025-09-25,working,10,25.546151,1.518398
20,2025-09-25,working,11,25.781651,1.930381
20,2025-09-25,working,12,26.475724,1.585543
20,2025-09-25,working,13,26.469729,2.236868
20,2025-09-25,working,14,26.398343,3.257030
20,2025-09-25,working,15,27.788174,3.479857
20,2025-09-25,working,16,28.907693,2.956656
20,2025-09-25,working,17,29.096510,3.949670
20,2025-09-25,working,18,29.462210,4.100146
20,2025-09-25,working,19,28.161320,4.115300
20,2025-09-25,working,20,28.065955,4.575896
20,2025-09-25,working,21,26.331669,5.788458
20,2025-09-25,working,22,25.434247,6.877934
20,2025-09-25,working,23,28.391610,8.621658
20,2025-09-25,working,24,28.843665,10.114138
20,2025-09-25,working,25,29.040806,12.287857
20,2025-09-25,working,26,29.526935,14.580832
20,2025-09-25,working,27,32.329035,20.737345
20,2025-09-25,working,28,99.765789,52.284029
20,2025-09-25,working,29,425.333135,137.614974
20,2025-09-25,working,30,550.016472,187.762587
20,2025-09-25,working,31,550.419930,225.178424
20,2025-09-25,working,32,557.287864,267.939480
20,2025-09-25,working,33,564.187851,302.658276
20,2025-09-25,working,34,565.169675,316.519759
20,2025-09-25,working,35,570.612486,340.360705
20,2025-09-25,working,36,593.122414,374.526854
20,2025-09-25,working,37,599.288018,401.624231
20,2025-09-25,working,38,607.067067,411.517913
20,2025-09-25,working,39,609.798874,420.220621
20,2025-09-25,working,40,594.171752,427.335356
20,2025-09-25,working,41,620.063571,451.406673
20,2025-09-25,working,42,634.151428,464.936114
20,2025-09-25,working,43,648.371518,479.221539
20,2025-09-25,working,44,660.220282,481.011177
20,2025-09-25,working,45,643.491176,487.439547
20,2025-09-25,working,46,627.512985,473.825132
20,2025-09-25,working,47,616.733449,466.384539
20,2025-09-25,working,48,465.117948,368.343303
20,2025-09-25,working,49,513.449105,405.417415
20,2025-09-25,working,50,564.481701,438.439613
20,2025-09-25,working,51,575.135733,446.393576
20,2025-09-25,working,52,582.507236,452.812309
20,2025-09-25,working,53,589.956121,452.383530
20,2025-09-25,working,54,616.896802,460.350176
20,2025-09-25,working,55,665.293192,481.774352
20,2025-09-25,working,56,680.406549,477.502195
20,2025-09-25,working,57,685.788563,465.610550
20,2025-09-25,working,58,685.944582,446.579563
20,2025-09-25,working,59,666.731658,419.650872
20,2025-09-25,working,60,617.648254,378.161930
20,2025-09-25,working,61,607.656578,356.322390
20,2025-09-25,working,62,597.257773,324.921123
20,2025-09-25,working,63,574.947006,292.123822
20,2025-09-25,working,64,540.963836,248.978174
20,2025-09-25,working,65,527.603208,207.326929
20,2025-09-25,working,66,496.214274,165.710758
20,2025-09-25,working,67,423.956922,122.796410
20,2025-09-25,working,68,319.218567,77.922736
20,2025-09-25,working,69,226.155068,55.030170
20,2025-09-25,working,70,122.087324,25.191385
20,2025-09-25,working,71,65.655669,13.729110
20,2025-09-25,working,72,29.135567,7.139861
20,2025-09-25,working,73,33.285362,4.349300
20,2025-09-25,working,74,32.472755,2.554087
20,2025-09-25,working,75,29.704994,0.016925
20,2025-09-25,working,76,30.101704,0.001548
20,2025-09-25,working,77,29.803490,0.000000
20,2025-09-25,working,78,29.271054,0.000000
20,2025-09-25,working,79,29.025754,0.000000
20,2025-09-25,working,80,28.578456,0.000000
20,2025-09-25,working,81,28.068490,0.000000
20,2025-09-25,working,82,27.445385,0.000000
20,2025-09-25,working,83,26.746717,0.000000
20,2025-09-25,working,84,25.198346,0.000000
20,2025-09-25,working,85,24.763684,0.000000
20,2025-09-25,working,86,24.669084,0.000000
20,2025-09-25,working,87,24.521631,0.000000
20,2025-09-25,working,88,24.581805,0.000000
20,2025-09-25,working,89,24.730279,2.935560
20,2025-09-25,working,90,24.324348,3.080970
20,2025-09-25,working,91,24.196850,0.000000
20,2025-09-25,working,92,23.765920,0.000000
20,2025-09-25,working,93,23.427473,1.626522
20,2025-09-25,working,94,22.833319,1.099126
20,2025-09-25,working,95,23.783558,0.556740
21,2025-09-26,working,0,20.867039,6.820955
21,2025-09-26,working,1,19.956617,1.564085
21,2025-09-26,working,2,20.129420,0.007246
21,2025-09-26,working,3,20.280731,0.060740
21,2025-09-26,working,4,21.049219,0.150228
21,2025-09-26,working,5,21.907101,0.225791
21,2025-09-26,working,6,22.464620,0.289664
21,2025-09-26,working,7,24.099170,0.851342
21,2025-09-26,working,8,25.577573,1.049009
21,2025-09-26,working,9,25.576134,1.336801
21,2025-09-26,working,10,25.546151,1.518398
21,2025-09-26,working,11,25.781651,1.930381
21,2025-09-26,working,12,26.475724,1.585543
21,2025-09-26,working,13,26.469729,2.236868
21,2025-09-26,working,14,26.398343,3.257030
21,2025-09-26,working,15,27.788174,3.479857
21,2025-09-26,working,16,28.907693,2.956656
21,2025-09-26,working,17,29.096510,3.949670
21,2025-09-26,working,18,29.462210,4.100146
21,2025-09-26,working,19,28.161320,4.115300
21,2025-09-26,working,20,28.065955,4.575896
21,2025-09-26,working,21,26.331669,5.788458
21,2025-09-26,working,22,25.434247,6.877934
21,2025-09-26,working,23,28.391610,8.621658
21,2025-09-26,working,24,28.843665,10.114138
21,2025-09-26,working,25,29.040806,12.287857
21,2025-09-26,working,26,29.526935,14.580832
21,2025-09-26,working,27,32.329035,20.737345
21,2025-09-26,working,28,99.765789,52.284029
21,2025-09-26,working,29,425.333135,137.614974
21,2025-09-26,working,30,550.016472,187.762587
21,2025-09-26,working,31,550.419930,225.178424
21,2025-09-26,working,32,557.287864,267.939480
21,2025-09-26,working,33,564.187851,302.658276
21,2025-09-26,working,34,565.169675,316.519759
21,2025-09-26,working,35,570.612486,340.360705
21,2025-09-26,working,36,593.122414,374.526854
21,2025-09-26,working,37,599.288018,401.624231
21,2025-09-26,working,38,607.067067,411.517913
21,2025-09-26,working,39,609.798874,420.220621
21,2025-09-26,working,40,594.171752,427.335356
21,2025-09-26,working,41,620.063571,451.406673
21,2025-09-26,working,42,634.151428,464.936114
21,2025-09-26,working,43,648.371518,479.221539
21,2025-09-26,working,44,660.220282,481.011177
21,2025-09-26,working,45,643.491176,487.439547
21,2025-09-26,working,46,627.512985,473.825132
21,2025-09-26,working,47,616.733449,466.384539
21,2025-09-26,working,48,465.117948,368.343303
21,2025-09-26,working,49,513.449105,405.417415
21,2025-09-26,working,50,564.481701,438.439613
21,2025-09-26,working,51,575.135733,446.393576
21,2025-09-26,working,52,582.507236,452.812309
21,2025-09-26,working,53,589.956121,452.383530
21,2025-09-26,working,54,616.896802,460.350176
21,2025-09-26,working,55,665.293192,481.774352
21,2025-09-26,working,56,680.406549,477.502195
21,2025-09-26,working,57,685.788563,465.610550
21,2025-09-26,working,58,685.944582,446.579563
21,2025-09-26,working,59,666.731658,419.650872
21,2025-09-26,working,60,617.648254,378.161930
21,2025-09-26,working,61,607.656578,356.322390
21,2025-09-26,working,62,597.257773,324.921123
21,2025-09-26,working,63,574.947006,292.123822
21,2025-09-26,working,64,540.963836,248.978174
21,2025-09-26,working,65,527.603208,207.326929
21,2025-09-26,working,66,496.214274,165.710758
21,2025-09-26,working,67,423.956922,122.796410
21,2025-09-26,working,68,319.218567,77.922736
21,2025-09-26,working,69,226.155068,55.030170
21,2025-09-26,working,70,122.087324,25.191385
21,2025-09-26,working,71,65.655669,13.729110
21,2025-09-26,working,72,29.135567,7.139861
21,2025-09-26,working,73,33.285362,4.349300
21,2025-09-26,working,74,32.472755,2.554087
21,2025-09-26,working,75,29.704994,0.016925
21,2025-09-26,working,76,30.101704,0.001548
21,2025-09-26,working,77,29.803490,0.000000
21,2025-09-26,working,78,29.271054,0.000000
21,2025-09-26,working,79,29.025754,0.000000
21,2025-09-26,working,80,28.578456,0.000000
21,2025-09-26,working,81,28.068490,0.000000
21,2025-09-26,working,82,27.445385,0.000000
21,2025-09-26,working,83,26.746717,0.000000
21,2025-09-26,working,84,25.198346,0.000000
21,2025-09-26,working,85,24.763684,0.000000
21,2025-09-26,working,86,24.669084,0.000000
21,2025-09-26,working,87,24.521631,0.000000
21,2025-09-26,working,88,24.581805,0.000000
21,2025-09-26,working,89,24.730279,2.935560
21,2025-09-26,working,90,24.324348,3.080970
21,2025-09-26,working,91,24.196850,0.000000
21,2025-09-26,working,92,23.765920,0.000000
21,2025-09-26,working,93,23.427473,1.626522
21,2025-09-26,working,94,22.833319,1.099126
21,2025-09-26,working,95,23.783558,0.556740
22,2025-09-27,weekend,0,28.777876,11.916411
22,2025-09-27,weekend,1,27.611885,6.366029
22,2025-09-27,weekend,2,27.455722,7.513622
22,2025-09-27,weekend,3,27.366458,7.252029
22,2025-09-27,weekend,4,27.943118,7.448966
22,2025-09-27,weekend,5,29.094573,5.727011
22,2025-09-27,weekend,6,29.476454,7.526874
22,2025-09-27,weekend,7,30.107802,7.703145
22,2025-09-27,weekend,8,30.331565,7.947898
22,2025-09-27,weekend,9,30.201741,7.614910
22,2025-09-27,weekend,10,30.295058,7.588279
22,2025-09-27,weekend,11,29.760176,7.264104
22,2025-09-27,weekend,12,28.473237,5.650545
22,2025-09-27,weekend,13,28.998999,6.219108
22,2025-09-27,weekend,14,30.138331,7.281519
22,2025-09-27,weekend,15,29.768209,7.646813
22,2025-09-27,weekend,16,30.356550,7.685778
22,2025-09-27,weekend,17,31.016670,7.775229
22,2025-09-27,weekend,18,31.381025,8.428028
22,2025-09-27,weekend,19,31.082079,9.094448
22,2025-09-27,weekend,20,30.293773,9.102742
22,2025-09-27,weekend,21,28.796956,10.670011
22,2025-09-27,weekend,22,27.816689,12.062751
22,2025-09-27,weekend,23,27.364737,12.995062
22,2025-09-27,weekend,24,26.087859,12.661932
22,2025-09-27,weekend,25,25.716797,12.365912
22,2025-09-27,weekend,26,25.020624,13.338043
22,2025-09-27,weekend,27,26.054142,14.722984
22,2025-09-27,weekend,28,62.204305,33.914157
22,2025-09-27,weekend,29,212.388680,79.852758
22,2025-09-27,weekend,30,287.264630,117.003220
22,2025-09-27,weekend,31,291.351240,135.986561
22,2025-09-27,weekend,32,294.959697,154.288619
22,2025-09-27,weekend,33,297.911551,174.016466
22,2025-09-27,weekend,34,297.467069,180.298976
22,2025-09-27,weekend,35,301.760918,191.592225
22,2025-09-27,weekend,36,315.441272,200.866830
22,2025-09-27,weekend,37,319.054793,203.824173
22,2025-09-27,weekend,38,323.770850,220.665033
22,2025-09-27,weekend,39,326.595653,231.769284
22,2025-09-27,weekend,40,316.449385,237.365381
22,2025-09-27,weekend,41,334.837048,243.968012
22,2025-09-27,weekend,42,339.924045,256.595368
22,2025-09-27,weekend,43,349.208883,277.219614
22,2025-09-27,weekend,44,352.437171,279.974066
22,2025-09-27,weekend,45,347.094653,270.513108
22,2025-09-27,weekend,46,339.818136,268.499191
22,2025-09-27,weekend,47,333.337518,253.133224
22,2025-09-27,weekend,48,260.013796,215.795996
22,2025-09-27,weekend,49,281.024345,224.462216
22,2025-09-27,weekend,50,307.691745,246.259886
22,2025-09-27,weekend,51,312.293243,233.969316
22,2025-09-27,weekend,52,318.557813,239.671397
22,2025-09-27,weekend,53,322.624253,245.426101
22,2025-09-27,weekend,54,341.184198,244.133631
22,2025-09-27,weekend,55,363.169667,251.763453
22,2025-09-27,weekend,56,365.740437,261.798948
22,2025-09-27,weekend,57,367.919636,254.965138
22,2025-09-27,weekend,58,363.807630,229.505891
22,2025-09-27,weekend,59,344.538704,221.572011
22,2025-09-27,weekend,60,315.390925,199.878560
22,2025-09-27,weekend,61,310.117862,195.186594
22,2025-09-27,weekend,62,299.760121,178.936028
22,2025-09-27,weekend,63,219.831379,126.757413
22,2025-09-27,weekend,64,112.448953,63.785052
22,2025-09-27,weekend,65,106.632529,60.279718
22,2025-09-27,weekend,66,98.289013,52.323490
22,2025-09-27,weekend,67,63.462441,37.753234
22,2025-09-27,weekend,68,25.835183,18.452086
22,2025-09-27,weekend,69,23.520847,13.383480
22,2025-09-27,weekend,70,23.251328,9.797423
22,2025-09-27,weekend,71,23.438468,6.463335
22,2025-09-27,weekend,72,24.370430,3.831432
22,2025-09-27,weekend,73,29.128786,1.891825
22,2025-09-27,weekend,74,29.191366,0.325745
22,2025-09-27,weekend,75,27.855680,0.003794
22,2025-09-27,weekend,76,28.510701,0.000000
22,2025-09-27,weekend,77,28.543704,0.000000
22,2025-09-27,weekend,78,27.878628,0.000000
22,2025-09-27,weekend,79,27.376250,0.000000
22,2025-09-27,weekend,80,26.793875,0.000000
22,2025-09-27,weekend,81,26.909101,0.000000
22,2025-09-27,weekend,82,26.568589,0.000000
22,2025-09-27,weekend,83,25.389360,0.000000
22,2025-09-27,weekend,84,23.567382,0.000000
22,2025-09-27,weekend,85,23.267843,0.000000
22,2025-09-27,weekend,86,23.031668,0.000000
22,2025-09-27,weekend,87,23.224088,0.000000
22,2025-09-27,weekend,88,23.332589,0.000000
22,2025-09-27,weekend,89,23.308333,0.000000
22,2025-09-27,weekend,90,23.244855,0.005025
22,2025-09-27,weekend,91,22.883706,0.092029
22,2025-09-27,weekend,92,22.707159,0.275323
22,2025-09-27,weekend,93,22.445748,0.246143
22,2025-09-27,weekend,94,22.165130,0.261449
22,2025-09-27,weekend,95,21.800360,0.258687
23,2025-09-28,weekend,0,28.777876,11.916411
23,2025-09-28,weekend,1,27.611885,6.366029
23,2025-09-28,weekend,2,27.455722,7.513622
23,2025-09-28,weekend,3,27.366458,7.252029
23,2025-09-28,weekend,4,27.943118,7.448966
23,2025-09-28,weekend,5,29.094573,5.727011
23,2025-09-28,weekend,6,29.476454,7.526874
23,2025-09-28,weekend,7,30.107802,7.703145
23,2025-09-28,weekend,8,30.331565,7.947898
23,2025-09-28,weekend,9,30.201741,7.614910
23,2025-09-28,weekend,10,30.295058,7.588279
23,2025-09-28,weekend,11,29.760176,7.264104
23,2025-09-28,weekend,12,28.473237,5.650545
23,2025-09-28,weekend,13,28.998999,6.219108
23,2025-09-28,weekend,14,30.138331,7.281519
23,2025-09-28,weekend,15,29.768209,7.646813
23,2025-09-28,weekend,16,30.356550,7.685778
23,2025-09-28,weekend,17,31.016670,7.775229
23,2025-09-28,weekend,18,31.381025,8.428028
23,2025-09-28,weekend,19,31.082079,9.094448
23,2025-09-28,weekend,20,30.293773,9.102742
23,2025-09-28,weekend,21,28.796956,10.670011
23,2025-09-28,weekend,22,27.816689,12.062751
23,2025-09-28,weekend,23,27.364737,12.995062
23,2025-09-28,weekend,24,26.087859,12.661932
23,2025-09-28,weekend,25,25.716797,12.365912
23,2025-09-28,weekend,26,25.020624,13.338043
23,2025-09-28,weekend,27,26.054142,14.722984
23,2025-09-28,weekend,28,62.204305,33.914157
23,2025-09-28,weekend,29,212.388680,79.852758
23,2025-09-28,weekend,30,287.264630,117.003220
23,2025-09-28,weekend,31,291.351240,135.986561
23,2025-09-28,weekend,32,294.959697,154.288619
23,2025-09-28,weekend,33,297.911551,174.016466
23,2025-09-28,weekend,34,297.467069,180.298976
23,2025-09-28,weekend,35,301.760918,191.592225
23,2025-09-28,weekend,36,315.441272,200.866830
23,2025-09-28,weekend,37,319.054793,203.824173
23,2025-09-28,weekend,38,323.770850,220.665033
23,2025-09-28,weekend,39,326.595653,231.769284
23,2025-09-28,weekend,40,316.449385,237.365381
23,2025-09-28,weekend,41,334.837048,243.968012
23,2025-09-28,weekend,42,339.924045,256.595368
23,2025-09-28,weekend,43,349.208883,277.219614
23,2025-09-28,weekend,44,352.437171,279.974066
23,2025-09-28,weekend,45,347.094653,270.513108
23,2025-09-28,weekend,46,339.818136,268.499191
23,2025-09-28,weekend,47,333.337518,253.133224
23,2025-09-28,weekend,48,260.013796,215.795996
23,2025-09-28,weekend,49,281.024345,224.462216
23,2025-09-28,weekend,50,307.691745,246.259886
23,2025-09-28,weekend,51,312.293243,233.969316
23,2025-09-28,weekend,52,318.557813,239.671397
23,2025-09-28,weekend,53,322.624253,245.426101
23,2025-09-28,weekend,54,341.184198,244.133631
23,2025-09-28,weekend,55,363.169667,251.763453
23,2025-09-28,weekend,56,365.740437,261.798948
23,2025-09-28,weekend,57,367.919636,254.965138
23,2025-09-28,weekend,58,363.807630,229.505891
23,2025-09-28,weekend,59,344.538704,221.572011
23,2025-09-28,weekend,60,315.390925,199.878560
23,2025-09-28,weekend,61,310.117862,195.186594
23,2025-09-28,weekend,62,299.760121,178.936028
23,2025-09-28,weekend,63,219.831379,126.757413
23,2025-09-28,weekend,64,112.448953,63.785052
23,2025-09-28,weekend,65,106.632529,60.279718
23,2025-09-28,weekend,66,98.289013,52.323490
23,2025-09-28,weekend,67,63.462441,37.753234
23,2025-09-28,weekend,68,25.835183,18.452086
23,2025-09-28,weekend,69,23.520847,13.383480
23,2025-09-28,weekend,70,23.251328,9.797423
23,2025-09-28,weekend,71,23.438468,6.463335
23,2025-09-28,weekend,72,24.370430,3.831432
23,2025-09-28,weekend,73,29.128786,1.891825
23,2025-09-28,weekend,74,29.191366,0.325745
23,2025-09-28,weekend,75,27.855680,0.003794
23,2025-09-28,weekend,76,28.510701,0.000000
23,2025-09-28,weekend,77,28.543704,0.000000
23,2025-09-28,weekend,78,27.878628,0.000000
23,2025-09-28,weekend,79,27.376250,0.000000
23,2025-09-28,weekend,80,26.793875,0.000000
23,2025-09-28,weekend,81,26.909101,0.000000
23,2025-09-28,weekend,82,26.568589,0.000000
23,2025-09-28,weekend,83,25.389360,0.000000
23,2025-09-28,weekend,84,23.567382,0.000000
23,2025-09-28,weekend,85,23.267843,0.000000
23,2025-09-28,weekend,86,23.031668,0.000000
23,2025-09-28,weekend,87,23.224088,0.000000
23,2025-09-28,weekend,88,23.332589,0.000000
23,2025-09-28,weekend,89,23.308333,0.000000
23,2025-09-28,weekend,90,23.244855,0.005025
23,2025-09-28,weekend,91,22.883706,0.092029
23,2025-09-28,weekend,92,22.707159,0.275323
23,2025-09-28,weekend,93,22.445748,0.246143
23,2025-09-28,weekend,94,22.165130,0.261449
23,2025-09-28,weekend,95,21.800360,0.258687
24,2025-09-29,working,0,20.867039,6.820955
24,2025-09-29,working,1,19.956617,1.564085
24,2025-09-29,working,2,20.129420,0.007246
24,2025-09-29,working,3,20.280731,0.060740
24,2025-09-29,working,4,21.049219,0.150228
24,2025-09-29,working,5,21.907101,0.225791
24,2025-09-29,working,6,22.464620,0.289664
24,2025-09-29,working,7,24.099170,0.851342
24,2025-09-29,working,8,25.577573,1.049009
24,2025-09-29,working,9,25.576134,1.336801
24,2025-09-29,working,10,25.546151,1.518398
24,2025-09-29,working,11,25.781651,1.930381
24,2025-09-29,working,12,26.475724,1.585543
24,2025-09-29,working,13,26.469729,2.236868
24,2025-09-29,working,14,26.398343,3.257030
24,2025-09-29,working,15,27.788174,3.479857
24,2025-09-29,working,16,28.907693,2.956656
24,2025-09-29,working,17,29.096510,3.949670
24,2025-09-29,working,18,29.462210,4.100146
24,2025-09-29,working,19,28.161320,4.115300
24,2025-09-29,working,20,28.065955,4.575896
24,2025-09-29,working,21,26.331669,5.788458
24,2025-09-29,working,22,25.434247,6.877934
24,2025-09-29,working,23,28.391610,8.621658
24,2025-09-29,working,24,28.843665,10.114138
24,2025-09-29,working,25,29.040806,12.287857
24,2025-09-29,working,26,29.526935,14.580832
24,2025-09-29,working,27,32.329035,20.737345
24,2025-09-29,working,28,99.765789,52.284029
24,2025-09-29,working,29,425.333135,137.614974
24,2025-09-29,working,30,550.016472,187.762587
24,2025-09-29,working,31,550.419930,225.178424
24,2025-09-29,working,32,557.287864,267.939480
24,2025-09-29,working,33,564.187851,302.658276
24,2025-09-29,working,34,565.169675,316.519759
24,2025-09-29,working,35,570.612486,340.360705
24,2025-09-29,working,36,593.122414,374.526854
24,2025-09-29,working,37,599.288018,401.624231
24,2025-09-29,working,38,607.067067,411.517913
24,2025-09-29,working,39,609.798874,420.220621
24,2025-09-29,working,40,594.171752,427.335356
24,2025-09-29,working,41,620.063571,451.406673
24,2025-09-29,working,42,634.151428,464.936114
24,2025-09-29,working,43,648.371518,479.221539
24,2025-09-29,working,44,660.220282,481.011177
24,2025-09-29,working,45,643.491176,487.439547
24,2025-09-29,working,46,627.512985,473.825132
24,2025-09-29,working,47,616.733449,466.384539
24,2025-09-29,working,48,465.117948,368.343303
24,2025-09-29,working,49,513.449105,405.417415
24,2025-09-29,working,50,564.481701,438.439613
24,2025-09-29,working,51,575.135733,446.393576
24,2025-09-29,working,52,582.507236,452.812309
24,2025-09-29,working,53,589.956121,452.383530
24,2025-09-29,working,54,616.896802,460.350176
24,2025-09-29,working,55,665.293192,481.774352
24,2025-09-29,working,56,680.406549,477.502195
24,2025-09-29,working,57,685.788563,465.610550
24,2025-09-29,working,58,685.944582,446.579563
24,2025-09-29,working,59,666.731658,419.650872
24,2025-09-29,working,60,617.648254,378.161930
24,2025-09-29,working,61,607.656578,356.322390
24,2025-09-29,working,62,597.257773,324.921123
24,2025-09-29,working,63,574.947006,292.123822
24,2025-09-29,working,64,540.963836,248.978174
24,2025-09-29,working,65,527.603208,207.326929
24,2025-09-29,working,66,496.214274,165.710758
24,2025-09-29,working,67,423.956922,122.796410
24,2025-09-29,working,68,319.218567,77.922736
24,2025-09-29,working,69,226.155068,55.030170
24,2025-09-29,working,70,122.087324,25.191385
24,2025-09-29,working,71,65.655669,13.729110
24,2025-09-29,working,72,29.135567,7.139861
24,2025-09-29,working,73,33.285362,4.349300
24,2025-09-29,working,74,32.472755,2.554087
24,2025-09-29,working,75,29.704994,0.016925
24,2025-09-29,working,76,30.101704,0.001548
24,2025-09-29,working,77,29.803490,0.000000
24,2025-09-29,working,78,29.271054,0.000000
24,2025-09-29,working,79,29.025754,0.000000
24,2025-09-29,working,80,28.578456,0.000000
24,2025-09-29,working,81,28.068490,0.000000
24,2025-09-29,working,82,27.445385,0.000000
24,2025-09-29,working,83,26.746717,0.000000
24,2025-09-29,working,84,25.198346,0.000000
24,2025-09-29,working,85,24.763684,0.000000
24,2025-09-29,working,86,24.669084,0.000000
24,2025-09-29,working,87,24.521631,0.000000
24,2025-09-29,working,88,24.581805,0.000000
24,2025-09-29,working,89,24.730279,2.935560
24,2025-09-29,working,90,24.324348,3.080970
24,2025-09-29,working,91,24.196850,0.000000
24,2025-09-29,working,92,23.765920,0.000000
24,2025-09-29,working,93,23.427473,1.626522
24,2025-09-29,working,94,22.833319,1.099126
24,2025-09-29,working,95,23.783558,0.556740
25,2025-09-30,working,0,20.867039,6.820955
25,2025-09-30,working,1,19.956617,1.564085
25,2025-09-30,working,2,20.129420,0.007246
25,2025-09-30,working,3,20.280731,0.060740
25,2025-09-30,working,4,21.049219,0.150228
25,2025-09-30,working,5,21.907101,0.225791
25,2025-09-30,working,6,22.464620,0.289664
25,2025-09-30,working,7,24.099170,0.851342
25,2025-09-30,working,8,25.577573,1.049009
25,2025-09-30,working,9,25.576134,1.336801
25,2025-09-30,working,10,25.546151,1.518398
25,2025-09-30,working,11,25.781651,1.930381
25,2025-09-30,working,12,26.475724,1.585543
25,2025-09-30,working,13,26.469729,2.236868
25,2025-09-30,working,14,26.398343,3.257030
25,2025-09-30,working,15,27.788174,3.479857
25,2025-09-30,working,16,28.907693,2.956656
25,2025-09-30,working,17,29.096510,3.949670
25,2025-09-30,working,18,29.462210,4.100146
25,2025-09-30,working,19,28.161320,4.115300
25,2025-09-30,working,20,28.065955,4.575896
25,2025-09-30,working,21,26.331669,5.788458
25,2025-09-30,working,22,25.434247,6.877934
25,2025-09-30,working,23,28.391610,8.621658
25,2025-09-30,working,24,28.843665,10.114138
25,2025-09-30,working,25,29.040806,12.287857
25,2025-09-30,working,26,29.526935,14.580832
25,2025-09-30,working,27,32.329035,20.737345
25,2025-09-30,working,28,99.765789,52.284029
25,2025-09-30,working,29,425.333135,137.614974
25,2025-09-30,working,30,550.016472,187.762587
25,2025-09-30,working,31,550.419930,225.178424
25,2025-09-30,working,32,557.287864,267.939480
25,2025-09-30,working,33,564.187851,302.658276
25,2025-09-30,working,34,565.169675,316.519759
25,2025-09-30,working,35,570.612486,340.360705
25,2025-09-30,working,36,593.122414,374.526854
25,2025-09-30,working,37,599.288018,401.624231
25,2025-09-30,working,38,607.067067,411.517913
25,2025-09-30,working,39,609.798874,420.220621
25,2025-09-30,working,40,594.171752,427.335356
25,2025-09-30,working,41,620.063571,451.406673
25,2025-09-30,working,42,634.151428,464.936114
25,2025-09-30,working,43,648.371518,479.221539
25,2025-09-30,working,44,660.220282,481.011177
25,2025-09-30,working,45,643.491176,487.439547
25,2025-09-30,working,46,627.512985,473.825132
25,2025-09-30,working,47,616.733449,466.384539
25,2025-09-30,working,48,465.117948,368.343303
25,2025-09-30,working,49,513.449105,405.417415
25,2025-09-30,working,50,564.481701,438.439613
25,2025-09-30,working,51,575.135733,446.393576
25,2025-09-30,working,52,582.507236,452.812309
25,2025-09-30,working,53,589.956121,452.383530
25,2025-09-30,working,54,616.896802,460.350176
25,2025-09-30,working,55,665.293192,481.774352
25,2025-09-30,working,56,680.406549,477.502195
25,2025-09-30,working,57,685.788563,465.610550
25,2025-09-30,working,58,685.944582,446.579563
25,2025-09-30,working,59,666.731658,419.650872
25,2025-09-30,working,60,617.648254,378.161930
25,2025-09-30,working,61,607.656578,356.322390
25,2025-09-30,working,62,597.257773,324.921123
25,2025-09-30,working,63,574.947006,292.123822
25,2025-09-30,working,64,540.963836,248.978174
25,2025-09-30,working,65,527.603208,207.326929
25,2025-09-30,working,66,496.214274,165.710758
25,2025-09-30,working,67,423.956922,122.796410
25,2025-09-30,working,68,319.218567,77.922736
25,2025-09-30,working,69,226.155068,55.030170
25,2025-09-30,working,70,122.087324,25.191385
25,2025-09-30,working,71,65.655669,13.729110
25,2025-09-30,working,72,29.135567,7.139861
25,2025-09-30,working,73,33.285362,4.349300
25,2025-09-30,working,74,32.472755,2.554087
25,2025-09-30,working,75,29.704994,0.016925
25,2025-09-30,working,76,30.101704,0.001548
25,2025-09-30,working,77,29.803490,0.000000
25,2025-09-30,working,78,29.271054,0.000000
25,2025-09-30,working,79,29.025754,0.000000
25,2025-09-30,working,80,28.578456,0.000000
25,2025-09-30,working,81,28.068490,0.000000
25,2025-09-30,working,82,27.445385,0.000000
25,2025-09-30,working,83,26.746717,0.000000
25,2025-09-30,working,84,25.198346,0.000000
25,2025-09-30,working,85,24.763684,0.000000
25,2025-09-30,working,86,24.669084,0.000000
25,2025-09-30,working,87,24.521631,0.000000
25,2025-09-30,working,88,24.581805,0.000000
25,2025-09-30,working,89,24.730279,2.935560
25,2025-09-30,working,90,24.324348,3.080970
25,2025-09-30,working,91,24.196850,0.000000
25,2025-09-30,working,92,23.765920,0.000000
25,2025-09-30,working,93,23.427473,1.626522
25,2025-09-30,working,94,22.833319,1.099126
25,2025-09-30,working,95,23.783558,0.556740
26,2025-10-01,working,0,20.867039,6.820955
26,2025-10-01,working,1,19.956617,1.564085
26,2025-10-01,working,2,20.129420,0.007246
26,2025-10-01,working,3,20.280731,0.060740
26,2025-10-01,working,4,21.049219,0.150228
26,2025-10-01,working,5,21.907101,0.225791
26,2025-10-01,working,6,22.464620,0.289664
26,2025-10-01,working,7,24.099170,0.851342
26,2025-10-01,working,8,25.577573,1.049009
26,2025-10-01,working,9,25.576134,1.336801
26,2025-10-01,working,10,25.546151,1.518398
26,2025-10-01,working,11,25.781651,1.930381
26,2025-10-01,working,12,26.475724,1.585543
26,2025-10-01,working,13,26.469729,2.236868
26,2025-10-01,working,14,26.398343,3.257030
26,2025-10-01,working,15,27.788174,3.479857
26,2025-10-01,working,16,28.907693,2.956656
26,2025-10-01,working,17,29.096510,3.949670
26,2025-10-01,working,18,29.462210,4.100146
26,2025-10-01,working,19,28.161320,4.115300
26,2025-10-01,working,20,28.065955,4.575896
26,2025-10-01,working,21,26.331669,5.788458
26,2025-10-01,working,22,25.434247,6.877934
26,2025-10-01,working,23,28.391610,8.621658
26,2025-10-01,working,24,28.843665,10.114138
26,2025-10-01,working,25,29.040806,12.287857
26,2025-10-01,working,26,29.526935,14.580832
26,2025-10-01,working,27,32.329035,20.737345
26,2025-10-01,working,28,99.765789,52.284029
26,2025-10-01,working,29,425.333135,137.614974
26,2025-10-01,working,30,550.016472,187.762587
26,2025-10-01,working,31,550.419930,225.178424
26,2025-10-01,working,32,557.287864,267.939480
26,2025-10-01,working,33,564.187851,302.658276
26,2025-10-01,working,34,565.169675,316.519759
26,2025-10-01,working,35,570.612486,340.360705
26,2025-10-01,working,36,593.122414,374.526854
26,2025-10-01,working,37,599.288018,401.624231
26,2025-10-01,working,38,607.067067,411.517913
26,2025-10-01,working,39,609.798874,420.220621
26,2025-10-01,working,40,594.171752,427.335356
26,2025-10-01,working,41,620.063571,451.406673
26,2025-10-01,working,42,634.151428,464.936114
26,2025-10-01,working,43,648.371518,479.221539
26,2025-10-01,working,44,660.220282,481.011177
26,2025-10-01,working,45,643.491176,487.439547
26,2025-10-01,working,46,627.512985,473.825132
26,2025-10-01,working,47,616.733449,466.384539
26,2025-10-01,working,48,465.117948,368.343303
26,2025-10-01,working,49,513.449105,405.417415
26,2025-10-01,working,50,564.481701,438.439613
26,2025-10-01,working,51,575.135733,446.393576
26,2025-10-01,working,52,582.507236,452.812309
26,2025-10-01,working,53,589.956121,452.383530
26,2025-10-01,working,54,616.896802,460.350176
26,2025-10-01,working,55,665.293192,481.774352
26,2025-10-01,working,56,680.406549,477.502195
26,2025-10-01,working,57,685.788563,465.610550
26,2025-10-01,working,58,685.944582,446.579563
26,2025-10-01,working,59,666.731658,419.650872
26,2025-10-01,working,60,617.648254,378.161930
26,2025-10-01,working,61,607.656578,356.322390
26,2025-10-01,working,62,597.257773,324.921123
26,2025-10-01,working,63,574.947006,292.123822
26,2025-10-01,working,64,540.963836,248.978174
26,2025-10-01,working,65,527.603208,207.326929
26,2025-10-01,working,66,496.214274,165.710758
26,2025-10-01,working,67,423.956922,122.796410
26,2025-10-01,working,68,319.218567,77.922736
26,2025-10-01,working,69,226.155068,55.030170
26,2025-10-01,working,70,122.087324,25.191385
26,2025-10-01,working,71,65.655669,13.729110
26,2025-10-01,working,72,29.135567,7.139861
26,2025-10-01,working,73,33.285362,4.349300
26,2025-10-01,working,74,32.472755,2.554087
26,2025-10-01,working,75,29.704994,0.016925
26,2025-10-01,working,76,30.101704,0.001548
26,2025-10-01,working,77,29.803490,0.000000
26,2025-10-01,working,78,29.271054,0.000000
26,2025-10-01,working,79,29.025754,0.000000
26,2025-10-01,working,80,28.578456,0.000000
26,2025-10-01,working,81,28.068490,0.000000
26,2025-10-01,working,82,27.445385,0.000000
26,2025-10-01,working,83,26.746717,0.000000
26,2025-10-01,working,84,25.198346,0.000000
26,2025-10-01,working,85,24.763684,0.000000
26,2025-10-01,working,86,24.669084,0.000000
26,2025-10-01,working,87,24.521631,0.000000
26,2025-10-01,working,88,24.581805,0.000000
26,2025-10-01,working,89,24.730279,2.935560
26,2025-10-01,working,90,24.324348,3.080970
26,2025-10-01,working,91,24.196850,0.000000
26,2025-10-01,working,92,23.765920,0.000000
26,2025-10-01,working,93,23.427473,1.626522
26,2025-10-01,working,94,22.833319,1.099126
26,2025-10-01,working,95,23.783558,0.556740
27,2025-10-02,working,0,20.867039,6.820955
27,2025-10-02,working,1,19.956617,1.564085
27,2025-10-02,working,2,20.129420,0.007246
27,2025-10-02,working,3,20.280731,0.060740
27,2025-10-02,working,4,21.049219,0.150228
27,2025-10-02,working,5,21.907101,0.225791
27,2025-10-02,working,6,22.464620,0.289664
27,2025-10-02,working,7,24.099170,0.851342
27,2025-10-02,working,8,25.577573,1.049009
27,2025-10-02,working,9,25.576134,1.336801
27,2025-10-02,working,10,25.546151,1.518398
27,2025-10-02,working,11,25.781651,1.930381
27,2025-10-02,working,12,26.475724,1.585543
27,2025-10-02,working,13,26.469729,2.236868
27,2025-10-02,working,14,26.398343,3.257030
27,2025-10-02,working,15,27.788174,3.479857
27,2025-10-02,working,16,28.907693,2.956656
27,2025-10-02,working,17,29.096510,3.949670
27,2025-10-02,working,18,29.462210,4.100146
27,2025-10-02,working,19,28.161320,4.115300
27,2025-10-02,working,20,28.065955,4.575896
27,2025-10-02,working,21,26.331669,5.788458
27,2025-10-02,working,22,25.434247,6.877934
27,2025-10-02,working,23,28.391610,8.621658
27,2025-10-02,working,24,28.843665,10.114138
27,2025-10-02,working,25,29.040806,12.287857
27,2025-10-02,working,26,29.526935,14.580832
27,2025-10-02,working,27,32.329035,20.737345
27,2025-10-02,working,28,99.765789,52.284029
27,2025-10-02,working,29,425.333135,137.614974
27,2025-10-02,working,30,550.016472,187.762587
27,2025-10-02,working,31,550.419930,225.178424
27,2025-10-02,working,32,557.287864,267.939480
27,2025-10-02,working,33,564.187851,302.658276
27,2025-10-02,working,34,565.169675,316.519759
27,2025-10-02,working,35,570.612486,340.360705
27,2025-10-02,working,36,593.122414,374.526854
27,2025-10-02,working,37,599.288018,401.624231
27,2025-10-02,working,38,607.067067,411.517913
27,2025-10-02,working,39,609.798874,420.220621
27,2025-10-02,working,40,594.171752,427.335356
27,2025-10-02,working,41,620.063571,451.406673
27,2025-10-02,working,42,634.151428,464.936114
27,2025-10-02,working,43,648.371518,479.221539
27,2025-10-02,working,44,660.220282,481.011177
27,2025-10-02,working,45,643.491176,487.439547
27,2025-10-02,working,46,627.512985,473.825132
27,2025-10-02,working,47,616.733449,466.384539
27,2025-10-02,working,48,465.117948,368.343303
27,2025-10-02,working,49,513.449105,405.417415
27,2025-10-02,working,50,564.481701,438.439613
27,2025-10-02,working,51,575.135733,446.393576
27,2025-10-02,working,52,582.507236,452.812309
27,2025-10-02,working,53,589.956121,452.383530
27,2025-10-02,working,54,616.896802,460.350176
27,2025-10-02,working,55,665.293192,481.774352
27,2025-10-02,working,56,680.406549,477.502195
27,2025-10-02,working,57,685.788563,465.610550
27,2025-10-02,working,58,685.944582,446.579563
27,2025-10-02,working,59,666.731658,419.650872
27,2025-10-02,working,60,617.648254,378.161930
27,2025-10-02,working,61,607.656578,356.322390
27,2025-10-02,working,62,597.257773,324.921123
27,2025-10-02,working,63,574.947006,292.123822
27,2025-10-02,working,64,540.963836,248.978174
27,2025-10-02,working,65,527.603208,207.326929
27,2025-10-02,working,66,496.214274,165.710758
27,2025-10-02,working,67,423.956922,122.796410
27,2025-10-02,working,68,319.218567,77.922736
27,2025-10-02,working,69,226.155068,55.030170
27,2025-10-02,working,70,122.087324,25.191385
27,2025-10-02,working,71,65.655669,13.729110
27,2025-10-02,working,72,29.135567,7.139861
27,2025-10-02,working,73,33.285362,4.349300
27,2025-10-02,working,74,32.472755,2.554087
27,2025-10-02,working,75,29.704994,0.016925
27,2025-10-02,working,76,30.101704,0.001548
27,2025-10-02,working,77,29.803490,0.000000
27,2025-10-02,working,78,29.271054,0.000000
27,2025-10-02,working,79,29.025754,0.000000
27,2025-10-02,working,80,28.578456,0.000000
27,2025-10-02,working,81,28.068490,0.000000
27,2025-10-02,working,82,27.445385,0.000000
27,2025-10-02,working,83,26.746717,0.000000
27,2025-10-02,working,84,25.198346,0.000000
27,2025-10-02,working,85,24.763684,0.000000
27,2025-10-02,working,86,24.669084,0.000000
27,2025-10-02,working,87,24.521631,0.000000
27,2025-10-02,working,88,24.581805,0.000000
27,2025-10-02,working,89,24.730279,2.935560
27,2025-10-02,working,90,24.324348,3.080970
27,2025-10-02,working,91,24.196850,0.000000
27,2025-10-02,working,92,23.765920,0.000000
27,2025-10-02,working,93,23.427473,1.626522
27,2025-10-02,working,94,22.833319,1.099126
27,2025-10-02,working,95,23.783558,0.556740
28,2025-10-03,working,0,20.867039,6.820955
28,2025-10-03,working,1,19.956617,1.564085
28,2025-10-03,working,2,20.129420,0.007246
28,2025-10-03,working,3,20.280731,0.060740
28,2025-10-03,working,4,21.049219,0.150228
28,2025-10-03,working,5,21.907101,0.225791
28,2025-10-03,working,6,22.464620,0.289664
28,2025-10-03,working,7,24.099170,0.851342
28,2025-10-03,working,8,25.577573,1.049009
28,2025-10-03,working,9,25.576134,1.336801
28,2025-10-03,working,10,25.546151,1.518398
28,2025-10-03,working,11,25.781651,1.930381
28,2025-10-03,working,12,26.475724,1.585543
28,2025-10-03,working,13,26.469729,2.236868
28,2025-10-03,working,14,26.398343,3.257030
28,2025-10-03,working,15,27.788174,3.479857
28,2025-10-03,working,16,28.907693,2.956656
28,2025-10-03,working,17,29.096510,3.949670
28,2025-10-03,working,18,29.462210,4.100146
28,2025-10-03,working,19,28.161320,4.115300
28,2025-10-03,working,20,28.065955,4.575896
28,2025-10-03,working,21,26.331669,5.788458
28,2025-10-03,working,22,25.434247,6.877934
28,2025-10-03,working,23,28.391610,8.621658
28,2025-10-03,working,24,28.843665,10.114138
28,2025-10-03,working,25,29.040806,12.287857
28,2025-10-03,working,26,29.526935,14.580832
28,2025-10-03,working,27,32.329035,20.737345
28,2025-10-03,working,28,99.765789,52.284029
28,2025-10-03,working,29,425.333135,137.614974
28,2025-10-03,working,30,550.016472,187.762587
28,2025-10-03,working,31,550.419930,225.178424
28,2025-10-03,working,32,557.287864,267.939480
28,2025-10-03,working,33,564.187851,302.658276
28,2025-10-03,working,34,565.169675,316.519759
28,2025-10-03,working,35,570.612486,340.360705
28,2025-10-03,working,36,593.122414,374.526854
28,2025-10-03,working,37,599.288018,401.624231
28,2025-10-03,working,38,607.067067,411.517913
28,2025-10-03,working,39,609.798874,420.220621
28,2025-10-03,working,40,594.171752,427.335356
28,2025-10-03,working,41,620.063571,451.406673
28,2025-10-03,working,42,634.151428,464.936114
28,2025-10-03,working,43,648.371518,479.221539
28,2025-10-03,working,44,660.220282,481.011177
28,2025-10-03,working,45,643.491176,487.439547
28,2025-10-03,working,46,627.512985,473.825132
28,2025-10-03,working,47,616.733449,466.384539
28,2025-10-03,working,48,465.117948,368.343303
28,2025-10-03,working,49,513.449105,405.417415
28,2025-10-03,working,50,564.481701,438.439613
28,2025-10-03,working,51,575.135733,446.393576
28,2025-10-03,working,52,582.507236,452.812309
28,2025-10-03,working,53,589.956121,452.383530
28,2025-10-03,working,54,616.896802,460.350176
28,2025-10-03,working,55,665.293192,481.774352
28,2025-10-03,working,56,680.406549,477.502195
28,2025-10-03,working,57,685.788563,465.610550
28,2025-10-03,working,58,685.944582,446.579563
28,2025-10-03,working,59,666.731658,419.650872
28,2025-10-03,working,60,617.648254,378.161930
28,2025-10-03,working,61,607.656578,356.322390
28,2025-10-03,working,62,597.257773,324.921123
28,2025-10-03,working,63,574.947006,292.123822
28,2025-10-03,working,64,540.963836,248.978174
28,2025-10-03,working,65,527.603208,207.326929
28,2025-10-03,working,66,496.214274,165.710758
28,2025-10-03,working,67,423.956922,122.796410
28,2025-10-03,working,68,319.218567,77.922736
28,2025-10-03,working,69,226.155068,55.030170
28,2025-10-03,working,70,122.087324,25.191385
28,2025-10-03,working,71,65.655669,13.729110
28,2025-10-03,working,72,29.135567,7.139861
28,2025-10-03,working,73,33.285362,4.349300
28,2025-10-03,working,74,32.472755,2.554087
28,2025-10-03,working,75,29.704994,0.016925
28,2025-10-03,working,76,30.101704,0.001548
28,2025-10-03,working,77,29.803490,0.000000
28,2025-10-03,working,78,29.271054,0.000000
28,2025-10-03,working,79,29.025754,0.000000
28,2025-10-03,working,80,28.578456,0.000000
28,2025-10-03,working,81,28.068490,0.000000
28,2025-10-03,working,82,27.445385,0.000000
28,2025-10-03,working,83,26.746717,0.000000
28,2025-10-03,working,84,25.198346,0.000000
28,2025-10-03,working,85,24.763684,0.000000
28,2025-10-03,working,86,24.669084,0.000000
28,2025-10-03,working,87,24.521631,0.000000
28,2025-10-03,working,88,24.581805,0.000000
28,2025-10-03,working,89,24.730279,2.935560
28,2025-10-03,working,90,24.324348,3.080970
28,2025-10-03,working,91,24.196850,0.000000
28,2025-10-03,working,92,23.765920,0.000000
28,2025-10-03,working,93,23.427473,1.626522
28,2025-10-03,working,94,22.833319,1.099126
28,2025-10-03,working,95,23.783558,0.556740
29,2025-10-04,weekend,0,28.777876,11.916411
29,2025-10-04,weekend,1,27.611885,6.366029
29,2025-10-04,weekend,2,27.455722,7.513622
29,2025-10-04,weekend,3,27.366458,7.252029
29,2025-10-04,weekend,4,27.943118,7.448966
29,2025-10-04,weekend,5,29.094573,5.727011
29,2025-10-04,weekend,6,29.476454,7.526874
29,2025-10-04,weekend,7,30.107802,7.703145
29,2025-10-04,weekend,8,30.331565,7.947898
29,2025-10-04,weekend,9,30.201741,7.614910
29,2025-10-04,weekend,10,30.295058,7.588279
29,2025-10-04,weekend,11,29.760176,7.264104
29,2025-10-04,weekend,12,28.473237,5.650545
29,2025-10-04,weekend,13,28.998999,6.219108
29,2025-10-04,weekend,14,30.138331,7.281519
29,2025-10-04,weekend,15,29.768209,7.646813
29,2025-10-04,weekend,16,30.356550,7.685778
29,2025-10-04,weekend,17,31.016670,7.775229
29,2025-10-04,weekend,18,31.381025,8.428028
29,2025-10-04,weekend,19,31.082079,9.094448
29,2025-10-04,weekend,20,30.293773,9.102742
29,2025-10-04,weekend,21,28.796956,10.670011
29,2025-10-04,weekend,22,27.816689,12.062751
29,2025-10-04,weekend,23,27.364737,12.995062
29,2025-10-04,weekend,24,26.087859,12.661932
29,2025-10-04,weekend,25,25.716797,12.365912
29,2025-10-04,weekend,26,25.020624,13.338043
29,2025-10-04,weekend,27,26.054142,14.722984
29,2025-10-04,weekend,28,62.204305,33.914157
29,2025-10-04,weekend,29,212.388680,79.852758
29,2025-10-04,weekend,30,287.264630,117.003220
29,2025-10-04,weekend,31,291.351240,135.986561
29,2025-10-04,weekend,32,294.959697,154.288619
29,2025-10-04,weekend,33,297.911551,174.016466
29,2025-10-04,weekend,34,297.467069,180.298976
29,2025-10-04,weekend,35,301.760918,191.592225
29,2025-10-04,weekend,36,315.441272,200.866830
29,2025-10-04,weekend,37,319.054793,203.824173
29,2025-10-04,weekend,38,323.770850,220.665033
29,2025-10-04,weekend,39,326.595653,231.769284
29,2025-10-04,weekend,40,316.449385,237.365381
29,2025-10-04,weekend,41,334.837048,243.968012
29,2025-10-04,weekend,42,339.924045,256.595368
29,2025-10-04,weekend,43,349.208883,277.219614
29,2025-10-04,weekend,44,352.437171,279.974066
29,2025-10-04,weekend,45,347.094653,270.513108
29,2025-10-04,weekend,46,339.818136,268.499191
29,2025-10-04,weekend,47,333.337518,253.133224
29,2025-10-04,weekend,48,260.013796,215.795996
29,2025-10-04,weekend,49,281.024345,224.462216
29,2025-10-04,weekend,50,307.691745,246.259886
29,2025-10-04,weekend,51,312.293243,233.969316
29,2025-10-04,weekend,52,318.557813,239.671397
29,2025-10-04,weekend,53,322.624253,245.426101
29,2025-10-04,weekend,54,341.184198,244.133631
29,2025-10-04,weekend,55,363.169667,251.763453
29,2025-10-04,weekend,56,365.740437,261.798948
29,2025-10-04,weekend,57,367.919636,254.965138
29,2025-10-04,weekend,58,363.807630,229.505891
29,2025-10-04,weekend,59,344.538704,221.572011
29,2025-10-04,weekend,60,315.390925,199.878560
29,2025-10-04,weekend,61,310.117862,195.186594
29,2025-10-04,weekend,62,299.760121,178.936028
29,2025-10-04,weekend,63,219.831379,126.757413
29,2025-10-04,weekend,64,112.448953,63.785052
29,2025-10-04,weekend,65,106.632529,60.279718
29,2025-10-04,weekend,66,98.289013,52.323490
29,2025-10-04,weekend,67,63.462441,37.753234
29,2025-10-04,weekend,68,25.835183,18.452086
29,2025-10-04,weekend,69,23.520847,13.383480
29,2025-10-04,weekend,70,23.251328,9.797423
29,2025-10-04,weekend,71,23.438468,6.463335
29,2025-10-04,weekend,72,24.370430,3.831432
29,2025-10-04,weekend,73,29.128786,1.891825
29,2025-10-04,weekend,74,29.191366,0.325745
29,2025-10-04,weekend,75,27.855680,0.003794
29,2025-10-04,weekend,76,28.510701,0.000000
29,2025-10-04,weekend,77,28.543704,0.000000
29,2025-10-04,weekend,78,27.878628,0.000000
29,2025-10-04,weekend,79,27.376250,0.000000
29,2025-10-04,weekend,80,26.793875,0.000000
29,2025-10-04,weekend,81,26.909101,0.000000
29,2025-10-04,weekend,82,26.568589,0.000000
29,2025-10-04,weekend,83,25.389360,0.000000
29,2025-10-04,weekend,84,23.567382,0.000000
29,2025-10-04,weekend,85,23.267843,0.000000
29,2025-10-04,weekend,86,23.031668,0.000000
29,2025-10-04,weekend,87,23.224088,0.000000
29,2025-10-04,weekend,88,23.332589,0.000000
29,2025-10-04,weekend,89,23.308333,0.000000
29,2025-10-04,weekend,90,23.244855,0.005025
29,2025-10-04,weekend,91,22.883706,0.092029
29,2025-10-04,weekend,92,22.707159,0.275323
29,2025-10-04,weekend,93,22.445748,0.246143
29,2025-10-04,weekend,94,22.165130,0.261449
29,2025-10-04,weekend,95,21.800360,0.258687
30,2025-10-05,weekend,0,28.777876,11.916411
30,2025-10-05,weekend,1,27.611885,6.366029
30,2025-10-05,weekend,2,27.455722,7.513622
30,2025-10-05,weekend,3,27.366458,7.252029
30,2025-10-05,weekend,4,27.943118,7.448966
30,2025-10-05,weekend,5,29.094573,5.727011
30,2025-10-05,weekend,6,29.476454,7.526874
30,2025-10-05,weekend,7,30.107802,7.703145
30,2025-10-05,weekend,8,30.331565,7.947898
30,2025-10-05,weekend,9,30.201741,7.614910
30,2025-10-05,weekend,10,30.295058,7.588279
30,2025-10-05,weekend,11,29.760176,7.264104
30,2025-10-05,weekend,12,28.473237,5.650545
30,2025-10-05,weekend,13,28.998999,6.219108
30,2025-10-05,weekend,14,30.138331,7.281519
30,2025-10-05,weekend,15,29.768209,7.646813
30,2025-10-05,weekend,16,30.356550,7.685778
30,2025-10-05,weekend,17,31.016670,7.775229
30,2025-10-05,weekend,18,31.381025,8.428028
30,2025-10-05,weekend,19,31.082079,9.094448
30,2025-10-05,weekend,20,30.293773,9.102742
30,2025-10-05,weekend,21,28.796956,10.670011
30,2025-10-05,weekend,22,27.816689,12.062751
30,2025-10-05,weekend,23,27.364737,12.995062
30,2025-10-05,weekend,24,26.087859,12.661932
30,2025-10-05,weekend,25,25.716797,12.365912
30,2025-10-05,weekend,26,25.020624,13.338043
30,2025-10-05,weekend,27,26.054142,14.722984
30,2025-10-05,weekend,28,62.204305,33.914157
30,2025-10-05,weekend,29,212.388680,79.852758
30,2025-10-05,weekend,30,287.264630,117.003220
30,2025-10-05,weekend,31,291.351240,135.986561
30,2025-10-05,weekend,32,294.959697,154.288619
30,2025-10-05,weekend,33,297.911551,174.016466
30,2025-10-05,weekend,34,297.467069,180.298976
30,2025-10-05,weekend,35,301.760918,191.592225
30,2025-10-05,weekend,36,315.441272,200.866830
30,2025-10-05,weekend,37,319.054793,203.824173
30,2025-10-05,weekend,38,323.770850,220.665033
30,2025-10-05,weekend,39,326.595653,231.769284
30,2025-10-05,weekend,40,316.449385,237.365381
30,2025-10-05,weekend,41,334.837048,243.968012
30,2025-10-05,weekend,42,339.924045,256.595368
30,2025-10-05,weekend,43,349.208883,277.219614
30,2025-10-05,weekend,44,352.437171,279.974066
30,2025-10-05,weekend,45,347.094653,270.513108
30,2025-10-05,weekend,46,339.818136,268.499191
30,2025-10-05,weekend,47,333.337518,253.133224
30,2025-10-05,weekend,48,260.013796,215.795996
30,2025-10-05,weekend,49,281.024345,224.462216
30,2025-10-05,weekend,50,307.691745,246.259886
30,2025-10-05,weekend,51,312.293243,233.969316
30,2025-10-05,weekend,52,318.557813,239.671397
30,2025-10-05,weekend,53,322.624253,245.426101
30,2025-10-05,weekend,54,341.184198,244.133631
30,2025-10-05,weekend,55,363.169667,251.763453
30,2025-10-05,weekend,56,365.740437,261.798948
30,2025-10-05,weekend,57,367.919636,254.965138
30,2025-10-05,weekend,58,363.807630,229.505891
30,2025-10-05,weekend,59,344.538704,221.572011
30,2025-10-05,weekend,60,315.390925,199.878560
30,2025-10-05,weekend,61,310.117862,195.186594
30,2025-10-05,weekend,62,299.760121,178.936028
30,2025-10-05,weekend,63,219.831379,126.757413
30,2025-10-05,weekend,64,112.448953,63.785052
30,2025-10-05,weekend,65,106.632529,60.279718
30,2025-10-05,weekend,66,98.289013,52.323490
30,2025-10-05,weekend,67,63.462441,37.753234
30,2025-10-05,weekend,68,25.835183,18.452086
30,2025-10-05,weekend,69,23.520847,13.383480
30,2025-10-05,weekend,70,23.251328,9.797423
30,2025-10-05,weekend,71,23.438468,6.463335
30,2025-10-05,weekend,72,24.370430,3.831432
30,2025-10-05,weekend,73,29.128786,1.891825
30,2025-10-05,weekend,74,29.191366,0.325745
30,2025-10-05,weekend,75,27.855680,0.003794
30,2025-10-05,weekend,76,28.510701,0.000000
30,2025-10-05,weekend,77,28.543704,0.000000
30,2025-10-05,weekend,78,27.878628,0.000000
30,2025-10-05,weekend,79,27.376250,0.000000
30,2025-10-05,weekend,80,26.793875,0.000000
30,2025-10-05,weekend,81,26.909101,0.000000
30,2025-10-05,weekend,82,26.568589,0.000000
30,2025-10-05,weekend,83,25.389360,0.000000
30,2025-10-05,weekend,84,23.567382,0.000000
30,2025-10-05,weekend,85,23.267843,0.000000
30,2025-10-05,weekend,86,23.031668,0.000000
30,2025-10-05,weekend,87,23.224088,0.000000
30,2025-10-05,weekend,88,23.332589,0.000000
30,2025-10-05,weekend,89,23.308333,0.000000
30,2025-10-05,weekend,90,23.244855,0.005025
30,2025-10-05,weekend,91,22.883706,0.092029
30,2025-10-05,weekend,92,22.707159,0.275323
30,2025-10-05,weekend,93,22.445748,0.246143
30,2025-10-05,weekend,94,22.165130,0.261449
30,2025-10-05,weekend,95,21.800360,0.258687
